{"building_index": 62, "real_dimensions": {"width": 29.727675770146305, "height": 30.351987475901844}}