{"building_index": 63, "real_dimensions": {"width": 58.285107735190536, "height": 55.39861483766387}}