{"building_index": 181, "real_dimensions": {"width": 47.58310910844826, "height": 52.60497704736356}}