{"building_index": 114, "real_dimensions": {"width": 34.41210371013003, "height": 59.128366821172335}}