{"building_index": 101, "real_dimensions": {"width": 40.338327358779495, "height": 52.67254907575436}}