{"building_index": 116, "real_dimensions": {"width": 29.40794775288552, "height": 28.27280317833647}}