{"building_index": 90, "real_dimensions": {"width": 59.40368848302557, "height": 53.80043411923945}}