{"building_index": 56, "real_dimensions": {"width": 45.81577203142418, "height": 44.40346195106705}}