{"building_index": 65, "real_dimensions": {"width": 44.92863712444475, "height": 49.60869248536016}}