{"building_index": 21, "real_dimensions": {"width": 39.500360340407354, "height": 36.8790537322561}}