{"building_index": 51, "real_dimensions": {"width": 44.2138243134541, "height": 53.63924896895885}}