{"building_index": 136, "real_dimensions": {"width": 47.633310809773974, "height": 55.954029956827206}}