{"building_index": 25, "real_dimensions": {"width": 48.5441119025118, "height": 39.77276289836504}}