{"building_index": 177, "real_dimensions": {"width": 45.885587307174575, "height": 58.32163791747764}}