{"building_index": 135, "real_dimensions": {"width": 54.48441263816397, "height": 49.45244888676703}}