{"building_index": 99, "real_dimensions": {"width": 65.82976184279114, "height": 62.07109577232599}}