{"building_index": 28, "real_dimensions": {"width": 27.322217470905354, "height": 32.66243542917073}}