{"building_index": 98, "real_dimensions": {"width": 53.99863704613469, "height": 42.202835426824166}}