{"building_index": 159, "real_dimensions": {"width": 40.99346844525542, "height": 43.72767838693091}}