{"building_index": 139, "real_dimensions": {"width": 52.90589623674401, "height": 55.31434504175869}}