{"building_index": 67, "real_dimensions": {"width": 47.21565243924153, "height": 64.08096527825109}}