{"building_index": 113, "real_dimensions": {"width": 41.99207807126281, "height": 53.30074100788683}}