{"building_index": 144, "real_dimensions": {"width": 43.47567002402735, "height": 64.84742477862335}}