{"building_index": 23, "real_dimensions": {"width": 37.91349736503481, "height": 33.713514559924604}}