{"building_index": 133, "real_dimensions": {"width": 34.99839552940102, "height": 44.67412600035055}}