{"building_index": 140, "real_dimensions": {"width": 57.415256341481, "height": 45.747486085817215}}