{"building_index": 55, "real_dimensions": {"width": 49.30514674032883, "height": 42.933746802496415}}