{"building_index": 60, "real_dimensions": {"width": 27.79745143489757, "height": 31.959908685404805}}