{"building_index": 29, "real_dimensions": {"width": 47.78973066643753, "height": 53.66468061598018}}