{"building_index": 22, "real_dimensions": {"width": 30.024879624681976, "height": 30.778892847603807}}