{"building_index": 54, "real_dimensions": {"width": 37.02297247446142, "height": 43.5104494479405}}