{"building_index": 137, "real_dimensions": {"width": 27.282481209142137, "height": 31.088983365688474}}