{"building_index": 49, "real_dimensions": {"width": 49.13605578016626, "height": 51.75517412041314}}