{"building_index": 131, "real_dimensions": {"width": 31.155222640439167, "height": 44.333110689801934}}