{"building_index": 111, "real_dimensions": {"width": 39.5453503060533, "height": 53.78059971494807}}