{"building_index": 156, "real_dimensions": {"width": 47.01749587821657, "height": 53.264131271527816}}