{"building_index": 124, "real_dimensions": {"width": 40.5363458556449, "height": 46.55729368150855}}