{"building_index": 5200, "real_dimensions": {"width": 36.370876014378155, "height": 40.00202144452681}}