{"building_index": 414, "real_dimensions": {"width": 42.75394569484304, "height": 43.636463221125304}}