{"building_index": 4316, "real_dimensions": {"width": 26.323219068837354, "height": 28.93247053633045}}