{"building_index": 1996, "real_dimensions": {"width": 34.23286890814372, "height": 42.366355691618686}}