{"building_index": 1276, "real_dimensions": {"width": 28.78230326344201, "height": 37.399955284794174}}