{"building_index": 1235, "real_dimensions": {"width": 28.21188749391178, "height": 31.329159178116047}}