{"building_index": 746, "real_dimensions": {"width": 44.06429369314535, "height": 42.77763673979168}}