{"building_index": 6077, "real_dimensions": {"width": 29.58121111613, "height": 32.04494271449124}}