{"building_index": 1367, "real_dimensions": {"width": 29.37406542417865, "height": 35.69829981302843}}