{"building_index": 5673, "real_dimensions": {"width": 31.173800081601367, "height": 33.720565411262214}}