{"building_index": 4978, "real_dimensions": {"width": 29.13157414890884, "height": 37.19426583442837}}