{"building_index": 3197, "real_dimensions": {"width": 27.256714438495692, "height": 30.74287777067162}}