{"building_index": 733, "real_dimensions": {"width": 30.05009679222526, "height": 45.50981219475468}}