{"building_index": 5787, "real_dimensions": {"width": 33.7117318868996, "height": 35.18996158543442}}