{"building_index": 4692, "real_dimensions": {"width": 43.56197423186444, "height": 47.761458993501336}}