{"building_index": 4423, "real_dimensions": {"width": 30.42364010280076, "height": 35.173537469853954}}