{"building_index": 5057, "real_dimensions": {"width": 41.7247085741919, "height": 41.557346862971784}}