{"building_index": 5767, "real_dimensions": {"width": 36.198032465084495, "height": 39.58248880865983}}