{"building_index": 285, "real_dimensions": {"width": 42.35053371670656, "height": 33.040357592264186}}