{"building_index": 2696, "real_dimensions": {"width": 30.18430462302588, "height": 45.65395625440404}}