{"building_index": 784, "real_dimensions": {"width": 55.32737784190879, "height": 58.498301653925864}}