{"building_index": 4777, "real_dimensions": {"width": 29.251041680953733, "height": 31.93294116267562}}