{"building_index": 5577, "real_dimensions": {"width": 31.64422013513977, "height": 36.049627118033044}}