{"building_index": 4682, "real_dimensions": {"width": 43.998721331267156, "height": 43.739465753555294}}