{"building_index": 4677, "real_dimensions": {"width": 28.941464446354654, "height": 31.358474548315364}}