{"building_index": 5805, "real_dimensions": {"width": 28.1402235856239, "height": 32.114198479687}}