{"building_index": 4840, "real_dimensions": {"width": 26.368585148664035, "height": 28.349763433699096}}