{"building_index": 890, "real_dimensions": {"width": 36.62832445949665, "height": 33.47481328317523}}