{"building_index": 5536, "real_dimensions": {"width": 27.015024948138354, "height": 28.249414241611955}}