{"building_index": 5770, "real_dimensions": {"width": 29.807175239423135, "height": 40.590675314896636}}