{"building_index": 5835, "real_dimensions": {"width": 44.93551511311283, "height": 40.37073063345626}}