{"building_index": 4734, "real_dimensions": {"width": 26.444663413189115, "height": 28.887301513580603}}