{"building_index": 6041, "real_dimensions": {"width": 31.573764000180336, "height": 32.68243131584089}}