{"building_index": 4418, "real_dimensions": {"width": 27.14328195938918, "height": 27.68923947140574}}