{"building_index": 2682, "real_dimensions": {"width": 26.022048034140024, "height": 30.56526280157268}}