{"building_index": 3242, "real_dimensions": {"width": 33.73512326551776, "height": 34.14983743035234}}