{"building_index": 6062, "real_dimensions": {"width": 29.33919578417204, "height": 27.532907206535338}}