{"building_index": 5889, "real_dimensions": {"width": 28.478136143879965, "height": 28.111632324993607}}