{"building_index": 4618, "real_dimensions": {"width": 32.88761952340137, "height": 33.90573847107589}}