{"building_index": 4923, "real_dimensions": {"width": 35.06449348492781, "height": 35.44969985221326}}