{"building_index": 4429, "real_dimensions": {"width": 28.229542921355847, "height": 31.905831777283122}}