{"building_index": 4296, "real_dimensions": {"width": 26.056601752254842, "height": 28.623484818680833}}