{"building_index": 4825, "real_dimensions": {"width": 44.51444650890772, "height": 31.96235162373632}}