{"building_index": 4550, "real_dimensions": {"width": 33.09208165102328, "height": 37.010135373904234}}