{"building_index": 5044, "real_dimensions": {"width": 26.66561496005452, "height": 28.616642238934126}}