{"building_index": 5890, "real_dimensions": {"width": 49.65624128407643, "height": 41.92353788071312}}