{"building_index": 4852, "real_dimensions": {"width": 27.643921438299007, "height": 28.634286850237597}}