{"building_index": 6109, "real_dimensions": {"width": 49.28845158846389, "height": 46.730913473814724}}