{"building_index": 5308, "real_dimensions": {"width": 43.40746592482494, "height": 50.92493065083089}}