{"building_index": 5605, "real_dimensions": {"width": 42.11753759446243, "height": 37.818087097276006}}