{"building_index": 4776, "real_dimensions": {"width": 28.23567227487452, "height": 35.86953389402479}}