{"building_index": 4512, "real_dimensions": {"width": 29.443340510924656, "height": 31.091396140605212}}