{"building_index": 74, "real_dimensions": {"width": 29.0442671565176, "height": 27.933045404434203}}