{"building_index": 6114, "real_dimensions": {"width": 40.541288185177834, "height": 36.942474592953914}}