{"building_index": 2265, "real_dimensions": {"width": 26.739391377885475, "height": 30.243860365860165}}