{"building_index": 811, "real_dimensions": {"width": 35.17668902530839, "height": 31.032923416383564}}