{"building_index": 5216, "real_dimensions": {"width": 27.387040352569116, "height": 29.501913004565452}}