{"building_index": 5119, "real_dimensions": {"width": 39.80997591009887, "height": 40.96642428325755}}