{"building_index": 3650, "real_dimensions": {"width": 32.93079445756273, "height": 27.1021300851088}}