{"building_index": 649, "real_dimensions": {"width": 27.351979693262837, "height": 26.2999031599164}}