{"building_index": 2117, "real_dimensions": {"width": 30.773204330096227, "height": 47.58156533006268}}