{"building_index": 3324, "real_dimensions": {"width": 29.56454926086221, "height": 33.879972832084945}}