{"building_index": 2003, "real_dimensions": {"width": 31.94524499416972, "height": 53.05985855277628}}