{"building_index": 4773, "real_dimensions": {"width": 38.88208179156452, "height": 41.77185072437461}}