{"building_index": 6238, "real_dimensions": {"width": 39.06821412329155, "height": 38.2697666401354}}