{"building_index": 3975, "real_dimensions": {"width": 26.009531365366033, "height": 26.51364084881544}}