{"building_index": 1756, "real_dimensions": {"width": 35.629299601543266, "height": 37.22076908250153}}