{"building_index": 4182, "real_dimensions": {"width": 37.388877166014474, "height": 41.63336141827826}}