{"building_index": 404, "real_dimensions": {"width": 31.130272468595653, "height": 43.65128990351222}}