{"building_index": 4438, "real_dimensions": {"width": 29.661768865440973, "height": 35.859330839974184}}