{"building_index": 681, "real_dimensions": {"width": 43.9104424799775, "height": 48.814356373570234}}