{"building_index": 5738, "real_dimensions": {"width": 31.486193798174305, "height": 28.310459613204}}