{"building_index": 3667, "real_dimensions": {"width": 26.63297344907284, "height": 28.130703281008948}}