{"building_index": 6067, "real_dimensions": {"width": 53.14674889889429, "height": 54.258835381064564}}