{"building_index": 1424, "real_dimensions": {"width": 26.588400202447083, "height": 27.571586981449897}}