{"building_index": 315, "real_dimensions": {"width": 35.441742826938864, "height": 29.85213697613217}}