{"building_index": 5698, "real_dimensions": {"width": 35.49057983972462, "height": 37.64110267576575}}