{"building_index": 4704, "real_dimensions": {"width": 35.62104820814779, "height": 41.42450124251789}}