{"building_index": 6096, "real_dimensions": {"width": 34.48337563111757, "height": 39.26249691948294}}