{"building_index": 5205, "real_dimensions": {"width": 26.47674997546322, "height": 29.959074702340043}}