{"building_index": 4312, "real_dimensions": {"width": 32.704244554635565, "height": 31.108938535662986}}