{"building_index": 4695, "real_dimensions": {"width": 27.92107208898815, "height": 28.880980615466832}}