{"building_index": 4924, "real_dimensions": {"width": 27.009947018371893, "height": 32.16118821933038}}