{"building_index": 4385, "real_dimensions": {"width": 26.17482211648603, "height": 28.374344778104373}}