{"building_index": 3790, "real_dimensions": {"width": 36.44399642722564, "height": 56.31924077736892}}