{"building_index": 4601, "real_dimensions": {"width": 27.558749542711304, "height": 30.378613208944778}}