{"building_index": 1917, "real_dimensions": {"width": 26.52836904953525, "height": 31.260084332331484}}