{"building_index": 4127, "real_dimensions": {"width": 31.66903460646126, "height": 31.234493314266825}}