{"building_index": 481, "real_dimensions": {"width": 35.718372271408825, "height": 29.823028902364896}}