{"building_index": 4579, "real_dimensions": {"width": 27.23759666605387, "height": 29.2443061605903}}