{"building_index": 4379, "real_dimensions": {"width": 40.11908067596611, "height": 43.32344195988029}}