{"building_index": 2644, "real_dimensions": {"width": 27.631795536788413, "height": 39.60240157851328}}