{"building_index": 5594, "real_dimensions": {"width": 40.05494940245912, "height": 39.06123258200785}}