{"building_index": 5591, "real_dimensions": {"width": 27.11607490813301, "height": 27.83062816311472}}