{"building_index": 3763, "real_dimensions": {"width": 26.989672366500404, "height": 26.058019276216626}}