{"building_index": 5041, "real_dimensions": {"width": 27.302742185347405, "height": 28.22338068150516}}