{"building_index": 2674, "real_dimensions": {"width": 30.632158135849945, "height": 42.46164610872977}}