{"building_index": 2887, "real_dimensions": {"width": 28.24208881634753, "height": 34.54737943796441}}