{"building_index": 2254, "real_dimensions": {"width": 31.175458458292997, "height": 34.86274620305747}}