{"building_index": 6102, "real_dimensions": {"width": 40.032865371905885, "height": 39.47725002646446}}