{"building_index": 5644, "real_dimensions": {"width": 29.854617929781476, "height": 33.15636875795201}}