{"building_index": 4898, "real_dimensions": {"width": 31.009450114234347, "height": 38.157295246347786}}