{"building_index": 3883, "real_dimensions": {"width": 56.70548476380839, "height": 54.25056245055981}}