{"building_index": 5215, "real_dimensions": {"width": 33.59339354586283, "height": 38.82766685138589}}