{"building_index": 5602, "real_dimensions": {"width": 35.22514805397756, "height": 36.898497483851386}}