{"building_index": 4617, "real_dimensions": {"width": 35.71550905824348, "height": 34.068164775660264}}