{"building_index": 1952, "real_dimensions": {"width": 39.65356946947014, "height": 39.27509101846566}}