{"building_index": 4844, "real_dimensions": {"width": 33.24788064344223, "height": 37.794882424290606}}