{"building_index": 402, "real_dimensions": {"width": 30.60586474867984, "height": 28.867537188231942}}