{"building_index": 724, "real_dimensions": {"width": 43.57693408940453, "height": 42.66532370507096}}