{"building_index": 4669, "real_dimensions": {"width": 30.009096949749317, "height": 37.957729580286475}}