{"building_index": 5335, "real_dimensions": {"width": 29.98252192573001, "height": 28.71085667245711}}