{"building_index": 2999, "real_dimensions": {"width": 27.70334542505249, "height": 30.074007039174436}}