{"building_index": 4831, "real_dimensions": {"width": 30.37261641331987, "height": 33.39514385848173}}