{"building_index": 5555, "real_dimensions": {"width": 27.736627326997112, "height": 29.434315768549485}}