{"building_index": 370, "real_dimensions": {"width": 45.714872751375275, "height": 44.098342510433866}}