{"building_index": 4407, "real_dimensions": {"width": 29.78817973363621, "height": 26.518102621033787}}