{"building_index": 523, "real_dimensions": {"width": 31.29146311541185, "height": 28.67502240051205}}