{"building_index": 4986, "real_dimensions": {"width": 30.281603854857384, "height": 32.04085933264611}}