{"building_index": 4829, "real_dimensions": {"width": 27.351668133545903, "height": 27.356850381561863}}