{"building_index": 4559, "real_dimensions": {"width": 32.32046553662745, "height": 33.70282108774719}}