{"building_index": 2733, "real_dimensions": {"width": 30.78491185340099, "height": 53.22825896661108}}