{"building_index": 5540, "real_dimensions": {"width": 27.567060433430015, "height": 27.71553490594029}}