{"building_index": 1382, "real_dimensions": {"width": 29.437197021165822, "height": 37.09580259572715}}