{"building_index": 6094, "real_dimensions": {"width": 41.04928461753938, "height": 42.56799789136648}}