{"building_index": 5749, "real_dimensions": {"width": 35.54318748397171, "height": 35.280423223143444}}