{"building_index": 2597, "real_dimensions": {"width": 31.73787160904632, "height": 32.30961618797481}}