{"building_index": 4934, "real_dimensions": {"width": 36.44971899122757, "height": 38.070112948859375}}