{"building_index": 3177, "real_dimensions": {"width": 28.27810605738312, "height": 32.1304196010592}}