{"building_index": 5581, "real_dimensions": {"width": 51.70282171366562, "height": 53.39141427837312}}