{"building_index": 3235, "real_dimensions": {"width": 40.79220301995791, "height": 46.20384736322798}}