{"building_index": 1949, "real_dimensions": {"width": 34.50168440636247, "height": 32.831174533503756}}