{"building_index": 3279, "real_dimensions": {"width": 39.479412692726086, "height": 32.0191852576565}}