{"building_index": 1896, "real_dimensions": {"width": 31.304787264925352, "height": 36.64487818826788}}