{"building_index": 4231, "real_dimensions": {"width": 26.414530975047384, "height": 27.276002675062045}}