{"building_index": 806, "real_dimensions": {"width": 32.62557213021015, "height": 27.314564935490488}}