{"building_index": 827, "real_dimensions": {"width": 29.200408737411877, "height": 33.14536779209439}}