{"building_index": 4297, "real_dimensions": {"width": 27.216101154212378, "height": 28.12715950765647}}