{"building_index": 3302, "real_dimensions": {"width": 31.062684233098214, "height": 33.011938702225684}}