{"building_index": 5114, "real_dimensions": {"width": 27.315211204204434, "height": 28.541664464678615}}