{"building_index": 4400, "real_dimensions": {"width": 29.642756154265566, "height": 28.57268472395837}}