{"building_index": 4913, "real_dimensions": {"width": 32.83541191899276, "height": 29.427777910893784}}