{"building_index": 3597, "real_dimensions": {"width": 26.687109994906738, "height": 27.243280971736336}}