{"building_index": 5824, "real_dimensions": {"width": 32.91930464444914, "height": 38.47233543036506}}