{"building_index": 6113, "real_dimensions": {"width": 33.18992865065695, "height": 33.159425671119244}}