{"building_index": 4662, "real_dimensions": {"width": 34.17363931901132, "height": 28.46163236517459}}