{"building_index": 5803, "real_dimensions": {"width": 34.03218123119558, "height": 38.85006759718992}}