{"building_index": 4997, "real_dimensions": {"width": 34.33897397681431, "height": 45.165865829839476}}