{"building_index": 4558, "real_dimensions": {"width": 45.79050068079416, "height": 44.70401266910756}}