{"building_index": 346, "real_dimensions": {"width": 29.158364149091845, "height": 36.75721669229782}}