{"building_index": 5288, "real_dimensions": {"width": 32.29412108546744, "height": 33.048797387287024}}