{"building_index": 423, "real_dimensions": {"width": 26.451007105275057, "height": 26.04135052475333}}