{"building_index": 3303, "real_dimensions": {"width": 32.911000257357955, "height": 38.44987733617691}}