{"building_index": 4803, "real_dimensions": {"width": 31.416581418254648, "height": 31.289072515039393}}