{"building_index": 5287, "real_dimensions": {"width": 29.270439062281515, "height": 33.45179810181792}}