{"building_index": 4849, "real_dimensions": {"width": 28.298355226696003, "height": 29.464220307022334}}