{"building_index": 5522, "real_dimensions": {"width": 45.493739120831016, "height": 55.2623304968141}}