{"building_index": 6118, "real_dimensions": {"width": 30.481740400568235, "height": 29.209309887617824}}