{"building_index": 3239, "real_dimensions": {"width": 31.659565882962777, "height": 34.55654410277307}}