{"building_index": 833, "real_dimensions": {"width": 37.70867032943817, "height": 37.1984784991201}}