{"building_index": 2729, "real_dimensions": {"width": 34.35527118037571, "height": 37.67862299590061}}