{"building_index": 4302, "real_dimensions": {"width": 29.71305109655019, "height": 42.41136235950515}}