{"building_index": 4911, "real_dimensions": {"width": 27.08822202416583, "height": 27.623322784245012}}