{"building_index": 3252, "real_dimensions": {"width": 37.798547459063116, "height": 38.27266714073097}}