{"building_index": 6128, "real_dimensions": {"width": 56.20779172658163, "height": 57.99430981287999}}