{"building_index": 6110, "real_dimensions": {"width": 37.814129406621014, "height": 32.49815272067984}}