{"building_index": 310, "real_dimensions": {"width": 31.584170457718816, "height": 36.280951485491045}}