{"building_index": 297, "real_dimensions": {"width": 35.799518074380465, "height": 51.35799620601264}}