{"building_index": 6138, "real_dimensions": {"width": 59.90645974372553, "height": 47.97121367838234}}