{"building_index": 2905, "real_dimensions": {"width": 29.36368990013919, "height": 35.784140491113064}}