{"building_index": 4921, "real_dimensions": {"width": 26.902585095989828, "height": 32.6969940781886}}