{"building_index": 3296, "real_dimensions": {"width": 31.484356435462058, "height": 33.7991148959047}}