{"building_index": 3599, "real_dimensions": {"width": 33.85502982041139, "height": 29.239275490446015}}