{"building_index": 5047, "real_dimensions": {"width": 42.209099984247004, "height": 56.7357973149336}}