{"building_index": 4424, "real_dimensions": {"width": 31.903175553230103, "height": 32.637219794467086}}