{"building_index": 5264, "real_dimensions": {"width": 30.984108535458798, "height": 33.067052149831625}}