{"building_index": 4288, "real_dimensions": {"width": 29.38405666157487, "height": 29.366889990043514}}