{"building_index": 1968, "real_dimensions": {"width": 31.633216739817986, "height": 48.483420978859066}}