{"building_index": 4806, "real_dimensions": {"width": 30.269290221881434, "height": 31.239699652423816}}