{"building_index": 2784, "real_dimensions": {"width": 26.719992305327906, "height": 27.335265621125696}}