{"building_index": 4832, "real_dimensions": {"width": 28.001475989343596, "height": 34.26502916309717}}