{"building_index": 2737, "real_dimensions": {"width": 42.98496561066247, "height": 55.45702593723312}}