{"building_index": 2042, "real_dimensions": {"width": 32.53713266724817, "height": 39.8149286647886}}