{"building_index": 1280, "real_dimensions": {"width": 53.16517177031239, "height": 58.269021892204876}}