{"building_index": 4696, "real_dimensions": {"width": 37.41733901116764, "height": 38.01138215972483}}