{"building_index": 759, "real_dimensions": {"width": 45.38088539172701, "height": 52.070315692126755}}