{"building_index": 4730, "real_dimensions": {"width": 31.671498957532457, "height": 38.445294206645336}}