{"building_index": 3408, "real_dimensions": {"width": 32.03886679527932, "height": 46.69349932307209}}