{"building_index": 4742, "real_dimensions": {"width": 28.609358390532435, "height": 29.85340428155226}}