{"building_index": 4988, "real_dimensions": {"width": 27.751286507283805, "height": 31.98785466330126}}