{"building_index": 4691, "real_dimensions": {"width": 33.69207647830364, "height": 34.34310089461505}}