{"building_index": 1200, "real_dimensions": {"width": 34.47535611430959, "height": 37.5564855608642}}