{"building_index": 5547, "real_dimensions": {"width": 42.83365254959169, "height": 37.449313276678325}}