{"building_index": 3321, "real_dimensions": {"width": 35.45308552855218, "height": 38.66411632668848}}