{"building_index": 5871, "real_dimensions": {"width": 27.483934350525185, "height": 28.258207800866415}}