{"building_index": 4573, "real_dimensions": {"width": 27.35082084928484, "height": 28.719423984618235}}