{"building_index": 5627, "real_dimensions": {"width": 32.82190513028569, "height": 26.847276782672854}}