{"building_index": 1990, "real_dimensions": {"width": 35.296126547777874, "height": 47.03874758861028}}