{"building_index": 4560, "real_dimensions": {"width": 32.54988436382458, "height": 34.928539052488546}}