{"building_index": 372, "real_dimensions": {"width": 29.24240534867781, "height": 32.535007545995924}}