{"building_index": 4555, "real_dimensions": {"width": 35.67546188171604, "height": 36.62306559549911}}