{"building_index": 2518, "real_dimensions": {"width": 28.10763069225708, "height": 28.520150962416082}}