{"building_index": 348, "real_dimensions": {"width": 28.679427393138177, "height": 34.725258159999335}}