{"building_index": 2311, "real_dimensions": {"width": 29.14632298337703, "height": 27.97012271197513}}