{"building_index": 2680, "real_dimensions": {"width": 37.535560671930824, "height": 35.54867775911093}}