{"building_index": 5102, "real_dimensions": {"width": 27.35612057925687, "height": 40.133293138774626}}