{"building_index": 312, "real_dimensions": {"width": 33.4137826896552, "height": 32.40916329396889}}