{"building_index": 5004, "real_dimensions": {"width": 29.330190960907498, "height": 27.036101719751954}}