{"building_index": 5612, "real_dimensions": {"width": 27.444236687393275, "height": 27.524971236223355}}