{"building_index": 434, "real_dimensions": {"width": 46.02588414812984, "height": 42.05656046539545}}