{"building_index": 4909, "real_dimensions": {"width": 35.67828413042938, "height": 35.03464177454201}}