{"building_index": 5563, "real_dimensions": {"width": 36.699739711663376, "height": 36.462844150799015}}