{"building_index": 6093, "real_dimensions": {"width": 51.93668453893624, "height": 51.283851264834404}}