{"building_index": 3080, "real_dimensions": {"width": 26.749619098525727, "height": 28.53469173450555}}