{"building_index": 5628, "real_dimensions": {"width": 28.28992745855377, "height": 29.995078173816204}}