{"building_index": 2788, "real_dimensions": {"width": 27.175749486357283, "height": 29.826548617994412}}