{"building_index": 4580, "real_dimensions": {"width": 28.031211713673546, "height": 34.287945999811804}}