{"building_index": 2563, "real_dimensions": {"width": 27.339041017887652, "height": 39.02449738726641}}