{"building_index": 2679, "real_dimensions": {"width": 30.213067091962635, "height": 28.763287712819874}}