{"building_index": 126, "real_dimensions": {"width": 42.95790707020788, "height": 47.75154606509954}}