{"building_index": 2806, "real_dimensions": {"width": 46.50462025271787, "height": 38.709630523324016}}