{"building_index": 2000, "real_dimensions": {"width": 37.90889851623797, "height": 27.769383533485232}}