{"building_index": 1284, "real_dimensions": {"width": 54.55290708924838, "height": 49.63078123467664}}