{"building_index": 2811, "real_dimensions": {"width": 32.658980923193546, "height": 28.89262104673311}}