{"building_index": 253, "real_dimensions": {"width": 26.721149339573458, "height": 27.710779375657438}}