{"building_index": 5745, "real_dimensions": {"width": 28.295595718827098, "height": 27.196435229281583}}