{"building_index": 2488, "real_dimensions": {"width": 38.3704117774521, "height": 38.33731717836733}}