{"building_index": 3405, "real_dimensions": {"width": 35.13126398440606, "height": 39.85445429680869}}