{"building_index": 5885, "real_dimensions": {"width": 27.666437949056853, "height": 27.942682457901537}}