{"building_index": 2091, "real_dimensions": {"width": 43.45178778338479, "height": 32.918638739576565}}