{"building_index": 2807, "real_dimensions": {"width": 55.84188827379257, "height": 53.7617302927499}}