{"building_index": 3273, "real_dimensions": {"width": 27.878332341725084, "height": 33.09921607200884}}