{"building_index": 4233, "real_dimensions": {"width": 28.30211384103905, "height": 29.672868944934258}}