{"building_index": 6087, "real_dimensions": {"width": 40.40026519943533, "height": 43.289232492577284}}