{"building_index": 2897, "real_dimensions": {"width": 26.40083011101349, "height": 31.579979593993887}}