{"building_index": 3166, "real_dimensions": {"width": 27.29215044128728, "height": 32.03229087688029}}