{"building_index": 5253, "real_dimensions": {"width": 45.24516755808339, "height": 59.924696450299685}}