{"building_index": 3756, "real_dimensions": {"width": 27.34521822697328, "height": 26.502386261181282}}