{"building_index": 4744, "real_dimensions": {"width": 27.276938932665313, "height": 29.49046758847932}}