{"building_index": 5001, "real_dimensions": {"width": 27.481905854223488, "height": 28.747491267204282}}