{"building_index": 3285, "real_dimensions": {"width": 32.9824117100363, "height": 31.56141318252931}}