{"building_index": 2690, "real_dimensions": {"width": 37.08335028468515, "height": 36.12863416400738}}