{"building_index": 4052, "real_dimensions": {"width": 26.27133374569239, "height": 26.280306781530378}}