{"building_index": 5051, "real_dimensions": {"width": 39.13406185801956, "height": 39.754943604369956}}