{"building_index": 4183, "real_dimensions": {"width": 26.942918795143875, "height": 34.93407074891031}}