{"building_index": 3267, "real_dimensions": {"width": 40.729397321008925, "height": 37.54462346486747}}