{"building_index": 4640, "real_dimensions": {"width": 34.9296979906798, "height": 29.88135038362816}}