{"building_index": 888, "real_dimensions": {"width": 33.060924176706465, "height": 31.339123230725527}}