{"building_index": 5578, "real_dimensions": {"width": 32.875081156896584, "height": 34.2794513700592}}