{"building_index": 5009, "real_dimensions": {"width": 29.52076987833968, "height": 27.483148492798207}}