{"building_index": 5520, "real_dimensions": {"width": 56.55386625545449, "height": 58.2596823639875}}