{"building_index": 4775, "real_dimensions": {"width": 32.54044038483873, "height": 35.03739836969723}}