{"building_index": 5224, "real_dimensions": {"width": 51.0565379489966, "height": 53.08148735929281}}