{"building_index": 4659, "real_dimensions": {"width": 30.04946122197434, "height": 33.3340211025998}}