{"building_index": 4326, "real_dimensions": {"width": 35.92649634499704, "height": 38.074695293873546}}