{"building_index": 6133, "real_dimensions": {"width": 28.002384322551467, "height": 35.16289582779631}}