{"building_index": 4276, "real_dimensions": {"width": 27.82161332442192, "height": 28.629559128265825}}