{"building_index": 4304, "real_dimensions": {"width": 26.790519284533413, "height": 28.56537200321133}}