{"building_index": 4780, "real_dimensions": {"width": 30.73272434176295, "height": 40.961585220123325}}