{"building_index": 2386, "real_dimensions": {"width": 36.716743498253834, "height": 38.34077373471111}}