{"building_index": 3240, "real_dimensions": {"width": 32.15667755216127, "height": 38.93877703226305}}