{"building_index": 4552, "real_dimensions": {"width": 32.539176751933994, "height": 38.00570141590865}}