{"building_index": 6106, "real_dimensions": {"width": 42.113657190910494, "height": 41.80638963272795}}