{"building_index": 5002, "real_dimensions": {"width": 29.665284017275553, "height": 27.173190102875232}}