{"building_index": 4853, "real_dimensions": {"width": 50.38267274889804, "height": 54.5354272275418}}