{"building_index": 1506, "real_dimensions": {"width": 29.65844058122486, "height": 38.79251999549154}}