{"building_index": 3058, "real_dimensions": {"width": 26.256994760568098, "height": 28.477355123783152}}