{"building_index": 3627, "real_dimensions": {"width": 31.97205540229799, "height": 36.98983475471448}}