{"building_index": 5684, "real_dimensions": {"width": 35.31664252104704, "height": 36.44147890812158}}