{"building_index": 5795, "real_dimensions": {"width": 26.54601707837137, "height": 28.462877631440758}}