{"building_index": 4543, "real_dimensions": {"width": 38.750000966494184, "height": 56.055137901743876}}