{"building_index": 3322, "real_dimensions": {"width": 36.101003517745795, "height": 34.211052656341344}}