{"building_index": 70, "real_dimensions": {"width": 50.35079802383242, "height": 57.18254614959781}}