{"building_index": 2620, "real_dimensions": {"width": 36.226009011390275, "height": 29.379126130817458}}