{"building_index": 1979, "real_dimensions": {"width": 48.717316417089506, "height": 39.99227278558537}}