{"building_index": 4731, "real_dimensions": {"width": 30.969596569830905, "height": 40.43655667465594}}