{"building_index": 4935, "real_dimensions": {"width": 51.66734000042023, "height": 58.270302182181425}}