{"building_index": 3298, "real_dimensions": {"width": 36.15567873361094, "height": 42.59905875395984}}