{"building_index": 4174, "real_dimensions": {"width": 32.53109273910522, "height": 29.269682087404654}}