{"building_index": 1435, "real_dimensions": {"width": 26.309574098614977, "height": 29.561066653116473}}