{"building_index": 4548, "real_dimensions": {"width": 29.991601901376853, "height": 43.281910314476114}}