{"building_index": 5254, "real_dimensions": {"width": 31.942405474944273, "height": 51.42693030982278}}