{"building_index": 6082, "real_dimensions": {"width": 26.98355486616007, "height": 29.350253411354498}}