{"building_index": 5686, "real_dimensions": {"width": 36.56690890303541, "height": 33.769846440464256}}