{"building_index": 4420, "real_dimensions": {"width": 35.259355306969184, "height": 39.83058169957871}}