{"building_index": 5718, "real_dimensions": {"width": 32.70469399876407, "height": 29.345052307873964}}