{"building_index": 1948, "real_dimensions": {"width": 26.906349527317794, "height": 29.358182971955586}}