{"building_index": 2850, "real_dimensions": {"width": 26.188853511912747, "height": 26.637348235964772}}