{"building_index": 3280, "real_dimensions": {"width": 32.83222407801077, "height": 31.319795372957984}}