{"building_index": 1368, "real_dimensions": {"width": 26.645067361998372, "height": 26.403728326022623}}