{"building_index": 5045, "real_dimensions": {"width": 32.49221188327763, "height": 29.76716697672382}}