{"building_index": 3266, "real_dimensions": {"width": 49.576501506273054, "height": 51.87266428023577}}