{"building_index": 1287, "real_dimensions": {"width": 29.97246374473519, "height": 28.51731787685305}}