{"building_index": 336, "real_dimensions": {"width": 37.95285324520955, "height": 40.39634627146025}}