{"building_index": 4606, "real_dimensions": {"width": 27.6847980026926, "height": 28.97847892510891}}