{"building_index": 4865, "real_dimensions": {"width": 27.59471404475626, "height": 27.561306776329875}}