{"building_index": 2984, "real_dimensions": {"width": 26.564089883424458, "height": 27.55833226947912}}