{"building_index": 355, "real_dimensions": {"width": 32.106519181695376, "height": 35.84150420218706}}