{"building_index": 5575, "real_dimensions": {"width": 30.839048420625428, "height": 30.592216178849338}}