{"building_index": 6052, "real_dimensions": {"width": 26.848821430407696, "height": 28.056677627443733}}