{"building_index": 4683, "real_dimensions": {"width": 41.597983356904, "height": 58.022954835345345}}