{"building_index": 5096, "real_dimensions": {"width": 27.01604537633461, "height": 26.851424797996877}}