{"building_index": 750, "real_dimensions": {"width": 47.28196753176453, "height": 56.133143152357746}}