{"building_index": 814, "real_dimensions": {"width": 29.99889279810828, "height": 31.317300658814077}}