{"building_index": 5341, "real_dimensions": {"width": 26.376499541650993, "height": 28.440947089701268}}