{"building_index": 2851, "real_dimensions": {"width": 33.74330338428592, "height": 38.221807080153376}}