{"building_index": 4947, "real_dimensions": {"width": 31.721565557345745, "height": 37.05080807744392}}