{"building_index": 4915, "real_dimensions": {"width": 27.1610662207799, "height": 38.410483833262695}}