{"building_index": 76, "real_dimensions": {"width": 36.59076412784343, "height": 44.953063151229706}}