{"building_index": 1246, "real_dimensions": {"width": 28.378052568378045, "height": 36.386016946592264}}