{"building_index": 2861, "real_dimensions": {"width": 28.744334795591424, "height": 32.009075895861415}}