{"building_index": 3234, "real_dimensions": {"width": 28.155808005232828, "height": 32.056791646778585}}