{"building_index": 5247, "real_dimensions": {"width": 30.777924236065786, "height": 28.55409926854074}}