{"building_index": 2019, "real_dimensions": {"width": 26.9117538257308, "height": 34.605245351849334}}