{"building_index": 4732, "real_dimensions": {"width": 26.49215353938363, "height": 28.281177417576313}}