{"building_index": 6080, "real_dimensions": {"width": 33.786714942604306, "height": 39.331084815859796}}