{"building_index": 5843, "real_dimensions": {"width": 32.12351275193039, "height": 32.71455108637922}}