{"building_index": 5015, "real_dimensions": {"width": 28.76446868139901, "height": 28.021298669442533}}