{"building_index": 796, "real_dimensions": {"width": 31.004070322584358, "height": 44.48872261307202}}