{"building_index": 2892, "real_dimensions": {"width": 26.40230654409543, "height": 31.605235479474068}}