{"building_index": 4542, "real_dimensions": {"width": 48.78968146099437, "height": 56.84053805828626}}