{"building_index": 4533, "real_dimensions": {"width": 31.63649937301719, "height": 43.084570152971224}}