{"building_index": 2795, "real_dimensions": {"width": 34.371808302026864, "height": 29.282701081614942}}