{"building_index": 5312, "real_dimensions": {"width": 26.617058516740798, "height": 27.979736256450412}}