{"building_index": 2649, "real_dimensions": {"width": 35.371984737013705, "height": 30.322362446738406}}