{"building_index": 2015, "real_dimensions": {"width": 40.20960853383023, "height": 43.423214708396365}}