{"building_index": 1426, "real_dimensions": {"width": 28.425877139877024, "height": 27.700157101818668}}