{"building_index": 4860, "real_dimensions": {"width": 41.481384051937304, "height": 46.373022330014834}}