{"building_index": 4570, "real_dimensions": {"width": 45.6746584297313, "height": 49.82183083081245}}