{"building_index": 4398, "real_dimensions": {"width": 27.6522465880091, "height": 29.269818674038564}}