{"building_index": 4571, "real_dimensions": {"width": 28.900369419735313, "height": 28.90681500327587}}