{"building_index": 2593, "real_dimensions": {"width": 55.207087789282475, "height": 49.67711286348104}}