{"building_index": 395, "real_dimensions": {"width": 31.867497004277148, "height": 37.579160073764086}}