{"building_index": 1399, "real_dimensions": {"width": 30.114499306259678, "height": 30.20451905044727}}