{"building_index": 6071, "real_dimensions": {"width": 27.67180938551901, "height": 35.294335523930684}}