{"building_index": 425, "real_dimensions": {"width": 26.6106332662884, "height": 37.06128829899668}}