{"building_index": 5617, "real_dimensions": {"width": 28.291885395105346, "height": 28.022105021446944}}