{"building_index": 803, "real_dimensions": {"width": 37.8735361234378, "height": 36.35597727767191}}