{"building_index": 5050, "real_dimensions": {"width": 43.46017897083308, "height": 44.57778723341413}}