{"building_index": 352, "real_dimensions": {"width": 26.076272433521225, "height": 27.36625610396887}}