{"building_index": 3250, "real_dimensions": {"width": 38.09511141012384, "height": 40.91273450871131}}