{"building_index": 5489, "real_dimensions": {"width": 35.377536234023864, "height": 37.61730159382025}}