{"building_index": 407, "real_dimensions": {"width": 31.405421599735273, "height": 27.275355657106267}}