{"building_index": 6012, "real_dimensions": {"width": 29.17776802312428, "height": 33.69825121326062}}