{"building_index": 2196, "real_dimensions": {"width": 26.63828666346691, "height": 36.60582940076225}}