{"building_index": 5543, "real_dimensions": {"width": 27.163638606752112, "height": 30.456208569283284}}