{"building_index": 6037, "real_dimensions": {"width": 28.904865210150017, "height": 29.777620525000884}}