{"building_index": 5112, "real_dimensions": {"width": 36.31307799168863, "height": 40.353807281024224}}