{"building_index": 4690, "real_dimensions": {"width": 33.01363436960208, "height": 33.819484300678596}}