{"building_index": 5858, "real_dimensions": {"width": 26.22459188804496, "height": 28.624810165616992}}