{"building_index": 2859, "real_dimensions": {"width": 31.83751830765046, "height": 37.12138564746827}}