{"building_index": 3696, "real_dimensions": {"width": 28.425428979155065, "height": 30.27700412225599}}