{"building_index": 2012, "real_dimensions": {"width": 30.85988217175492, "height": 28.58243112157099}}