{"building_index": 5317, "real_dimensions": {"width": 28.615194134095606, "height": 41.692981787621974}}