{"building_index": 6126, "real_dimensions": {"width": 30.211229429998202, "height": 38.56507526781824}}