{"building_index": 3295, "real_dimensions": {"width": 36.56195619751699, "height": 42.87380475159735}}