{"building_index": 797, "real_dimensions": {"width": 30.76050400309032, "height": 29.738889759729304}}