{"building_index": 1025, "real_dimensions": {"width": 28.360292145733645, "height": 30.50555707516947}}