{"building_index": 4855, "real_dimensions": {"width": 35.363414339895826, "height": 36.968003994794564}}