{"building_index": 5613, "real_dimensions": {"width": 32.75035911249482, "height": 35.69428056634165}}