{"building_index": 374, "real_dimensions": {"width": 27.08304286917458, "height": 32.69288579273969}}