{"building_index": 766, "real_dimensions": {"width": 30.66249680939208, "height": 35.019811791939034}}