{"building_index": 409, "real_dimensions": {"width": 32.21695187235251, "height": 35.33795715874433}}