{"building_index": 2082, "real_dimensions": {"width": 27.432841704602275, "height": 27.36978510662913}}