{"building_index": 254, "real_dimensions": {"width": 27.263900692655785, "height": 28.375821334493036}}