{"building_index": 3253, "real_dimensions": {"width": 37.25159952109912, "height": 39.092937090588464}}