{"building_index": 989, "real_dimensions": {"width": 28.74686720319597, "height": 26.38566936623926}}