{"building_index": 2787, "real_dimensions": {"width": 32.472439452342016, "height": 48.35123741795309}}