{"building_index": 728, "real_dimensions": {"width": 41.18701943755228, "height": 44.076526978641745}}