{"building_index": 4862, "real_dimensions": {"width": 26.458556439540114, "height": 26.92238748769586}}