{"building_index": 5800, "real_dimensions": {"width": 27.753480411146302, "height": 33.04214918864359}}