{"building_index": 5363, "real_dimensions": {"width": 33.190880265626475, "height": 37.35357159264386}}