{"building_index": 1273, "real_dimensions": {"width": 27.811509019732476, "height": 31.554516759787994}}