{"building_index": 4943, "real_dimensions": {"width": 43.07896821821321, "height": 45.58533332779737}}