{"building_index": 5046, "real_dimensions": {"width": 40.39382627941668, "height": 38.66705444532136}}