{"building_index": 5185, "real_dimensions": {"width": 47.195406833030475, "height": 33.9478260542887}}