{"building_index": 1985, "real_dimensions": {"width": 43.72978812734441, "height": 43.041677679059404}}