{"building_index": 327, "real_dimensions": {"width": 29.25442632902922, "height": 43.30031275008805}}