{"building_index": 2709, "real_dimensions": {"width": 30.87205776682822, "height": 53.439142453291765}}