{"building_index": 5104, "real_dimensions": {"width": 32.2549307007168, "height": 44.21841685011306}}