{"building_index": 2739, "real_dimensions": {"width": 53.77019471689593, "height": 46.105126918166874}}