{"building_index": 2722, "real_dimensions": {"width": 44.931951695568856, "height": 32.62612747770734}}