{"building_index": 383, "real_dimensions": {"width": 38.233241686599406, "height": 30.384887198535726}}