{"building_index": 2731, "real_dimensions": {"width": 51.13139992590179, "height": 54.068035358190535}}