{"building_index": 4751, "real_dimensions": {"width": 33.73468785384049, "height": 35.79636261610048}}