{"building_index": 1124, "real_dimensions": {"width": 29.232075361745665, "height": 30.694520269900558}}