{"building_index": 5892, "real_dimensions": {"width": 27.35647156160014, "height": 30.275887771621345}}