{"building_index": 4985, "real_dimensions": {"width": 27.725822755219415, "height": 31.538201604712132}}