{"building_index": 4634, "real_dimensions": {"width": 35.58817053814555, "height": 29.820496359374374}}