{"building_index": 5721, "real_dimensions": {"width": 27.477643417763367, "height": 28.62758363329495}}