{"building_index": 1752, "real_dimensions": {"width": 49.600949644957055, "height": 53.08217513935268}}