{"building_index": 5262, "real_dimensions": {"width": 44.30901770655765, "height": 47.84874148997664}}