{"building_index": 5305, "real_dimensions": {"width": 26.301393724475055, "height": 28.38975239804387}}