{"building_index": 2789, "real_dimensions": {"width": 26.556176994193425, "height": 30.396977681376573}}