{"building_index": 1299, "real_dimensions": {"width": 26.525041332119727, "height": 26.257178790211675}}