{"building_index": 2846, "real_dimensions": {"width": 33.75812505923348, "height": 38.203826156593856}}