{"building_index": 1763, "real_dimensions": {"width": 26.730209642248226, "height": 28.045172120817004}}