{"building_index": 2011, "real_dimensions": {"width": 26.85436945477559, "height": 26.230043877912685}}