{"building_index": 2900, "real_dimensions": {"width": 32.761859075815885, "height": 35.216279400674004}}