{"building_index": 5251, "real_dimensions": {"width": 38.921125471821675, "height": 34.5546201454699}}