{"building_index": 5381, "real_dimensions": {"width": 30.52218185784683, "height": 30.27793497481383}}