{"building_index": 793, "real_dimensions": {"width": 38.303819598620755, "height": 45.68516257423907}}