{"building_index": 3894, "real_dimensions": {"width": 30.78292170604788, "height": 32.07648090627576}}