{"building_index": 4887, "real_dimensions": {"width": 31.6479192185691, "height": 31.675249274522066}}