{"building_index": 3231, "real_dimensions": {"width": 30.4550317812711, "height": 29.168113486521566}}