{"building_index": 4992, "real_dimensions": {"width": 31.299084219245707, "height": 32.414950348096234}}