{"building_index": 3248, "real_dimensions": {"width": 31.666874940748478, "height": 34.57056210768222}}