{"building_index": 4454, "real_dimensions": {"width": 30.529422784625787, "height": 29.599135588742794}}