{"building_index": 764, "real_dimensions": {"width": 26.26494361678507, "height": 39.66692495111715}}