{"building_index": 3605, "real_dimensions": {"width": 29.452094240721006, "height": 28.849468900501726}}