{"building_index": 1040, "real_dimensions": {"width": 33.74716853941325, "height": 29.84992418486625}}