{"building_index": 1870, "real_dimensions": {"width": 36.80410263187815, "height": 36.43612496073668}}