{"building_index": 4757, "real_dimensions": {"width": 26.124906467163235, "height": 28.49257528193295}}