{"building_index": 5120, "real_dimensions": {"width": 29.598345790372306, "height": 28.78242684227104}}