{"building_index": 1288, "real_dimensions": {"width": 36.11196234276518, "height": 26.605423471760005}}