{"building_index": 250, "real_dimensions": {"width": 34.49023924656679, "height": 30.691743068592622}}