{"building_index": 5573, "real_dimensions": {"width": 47.9239887134855, "height": 39.44831527069211}}