{"building_index": 5071, "real_dimensions": {"width": 26.412916060588323, "height": 28.847831372156737}}