{"building_index": 5688, "real_dimensions": {"width": 34.191479512462394, "height": 37.63225128735601}}