{"building_index": 2213, "real_dimensions": {"width": 34.55337612423347, "height": 39.424579122221715}}