{"building_index": 4680, "real_dimensions": {"width": 32.42966889133386, "height": 39.594712896030394}}