{"building_index": 3789, "real_dimensions": {"width": 35.92061272951736, "height": 49.247079999620716}}