{"building_index": 2724, "real_dimensions": {"width": 46.20209178815751, "height": 37.31901546983669}}