{"building_index": 257, "real_dimensions": {"width": 29.51867432823793, "height": 29.793198849909626}}