{"building_index": 770, "real_dimensions": {"width": 36.62250466482307, "height": 32.65095759505406}}