{"building_index": 2845, "real_dimensions": {"width": 50.13418827970279, "height": 40.78100830403467}}