{"building_index": 2676, "real_dimensions": {"width": 42.53390665633022, "height": 35.01160192961494}}