{"building_index": 390, "real_dimensions": {"width": 37.805741594146824, "height": 42.4099638381352}}