{"building_index": 1014, "real_dimensions": {"width": 27.325719969435596, "height": 30.351451187934725}}