{"building_index": 1095, "real_dimensions": {"width": 26.16910149297444, "height": 29.5913119019599}}