{"building_index": 4563, "real_dimensions": {"width": 28.084900036066152, "height": 32.31555014458174}}