{"building_index": 5133, "real_dimensions": {"width": 34.35089660389154, "height": 36.019477993175386}}