{"building_index": 5318, "real_dimensions": {"width": 29.826521593730043, "height": 36.017692669874265}}