{"building_index": 5931, "real_dimensions": {"width": 30.924470612398387, "height": 34.073075948810825}}