{"building_index": 186, "real_dimensions": {"width": 29.157908053509892, "height": 27.798091920129956}}