{"building_index": 4684, "real_dimensions": {"width": 32.05055573939539, "height": 41.55008368045092}}