{"building_index": 6079, "real_dimensions": {"width": 29.602996231073824, "height": 32.04107553433627}}