{"building_index": 2718, "real_dimensions": {"width": 34.76526247098945, "height": 29.112168169040235}}