{"building_index": 5599, "real_dimensions": {"width": 26.652830678590885, "height": 29.852778665466854}}