{"building_index": 812, "real_dimensions": {"width": 27.991427318335823, "height": 28.22537715058774}}