{"building_index": 4396, "real_dimensions": {"width": 26.44183425385699, "height": 26.44430254881084}}