{"building_index": 6075, "real_dimensions": {"width": 26.87496177609874, "height": 29.180800083304444}}