{"building_index": 5648, "real_dimensions": {"width": 34.15981938869692, "height": 47.35837105180654}}