{"building_index": 1285, "real_dimensions": {"width": 42.290791953571215, "height": 32.70294997729361}}