{"building_index": 1993, "real_dimensions": {"width": 32.86242499937924, "height": 35.80404673173713}}