{"building_index": 4939, "real_dimensions": {"width": 50.829078720862356, "height": 51.159964780478425}}