{"building_index": 5838, "real_dimensions": {"width": 34.832347911941085, "height": 37.686373774473154}}