{"building_index": 5757, "real_dimensions": {"width": 35.633861091279925, "height": 36.52940811902285}}