{"building_index": 6100, "real_dimensions": {"width": 27.248112271900755, "height": 29.060089683562516}}