{"building_index": 4411, "real_dimensions": {"width": 33.11101114375866, "height": 37.14900347897472}}