{"building_index": 127, "real_dimensions": {"width": 28.030886825031292, "height": 28.23816595970032}}