{"building_index": 4747, "real_dimensions": {"width": 59.656990399540526, "height": 59.31135217505693}}