{"building_index": 4719, "real_dimensions": {"width": 51.28078725970583, "height": 59.18592058240746}}