{"building_index": 4393, "real_dimensions": {"width": 26.470115957790988, "height": 28.91895388828218}}