{"building_index": 4496, "real_dimensions": {"width": 26.097602056233832, "height": 28.118069875493646}}