{"building_index": 2677, "real_dimensions": {"width": 27.194723058120776, "height": 27.483046160868057}}