{"building_index": 1312, "real_dimensions": {"width": 31.128920148695272, "height": 29.62188799685488}}