{"building_index": 4381, "real_dimensions": {"width": 29.580581675798165, "height": 33.167946877769594}}