{"building_index": 4698, "real_dimensions": {"width": 47.3084588518599, "height": 58.52232373315841}}