{"building_index": 5159, "real_dimensions": {"width": 50.18198617428852, "height": 46.1813929506857}}