{"building_index": 4863, "real_dimensions": {"width": 32.9300122957114, "height": 35.36827516727948}}