{"building_index": 316, "real_dimensions": {"width": 45.320518487932475, "height": 56.737857226878404}}