{"building_index": 289, "real_dimensions": {"width": 28.05687324420491, "height": 28.52267653983831}}