{"building_index": 807, "real_dimensions": {"width": 33.928729898369056, "height": 34.093658265426754}}