{"building_index": 852, "real_dimensions": {"width": 46.3093629823693, "height": 33.31427401533971}}