{"building_index": 4394, "real_dimensions": {"width": 26.357580720128023, "height": 36.035450663119555}}