{"building_index": 5053, "real_dimensions": {"width": 39.413851342217534, "height": 38.372048893179745}}