{"building_index": 504, "real_dimensions": {"width": 31.25839957581717, "height": 26.97811611694284}}