{"building_index": 6078, "real_dimensions": {"width": 26.747217824084604, "height": 29.072418627931423}}