{"building_index": 5789, "real_dimensions": {"width": 29.679761251810124, "height": 30.949363061314713}}