{"building_index": 4856, "real_dimensions": {"width": 55.900071118217305, "height": 59.33126763498411}}