{"building_index": 4455, "real_dimensions": {"width": 27.874791776075337, "height": 29.4702494456321}}