{"building_index": 5256, "real_dimensions": {"width": 51.558306305419734, "height": 58.33492032514885}}