{"building_index": 2647, "real_dimensions": {"width": 40.87596389645203, "height": 56.82125786786588}}