{"building_index": 2055, "real_dimensions": {"width": 28.644287861043125, "height": 29.580945363367597}}