{"building_index": 5529, "real_dimensions": {"width": 33.766112620553855, "height": 32.641797405004496}}