{"building_index": 6190, "real_dimensions": {"width": 36.1669548545188, "height": 30.67930870796554}}