{"building_index": 2622, "real_dimensions": {"width": 44.54116480518715, "height": 51.32761552793639}}