{"building_index": 985, "real_dimensions": {"width": 47.0578318179717, "height": 58.45540089212771}}