{"building_index": 4389, "real_dimensions": {"width": 35.431945427901425, "height": 30.775560021298006}}