{"building_index": 6054, "real_dimensions": {"width": 35.341783328472715, "height": 36.815166762056094}}