{"building_index": 4749, "real_dimensions": {"width": 28.539495566810363, "height": 31.043618643687417}}