{"building_index": 4414, "real_dimensions": {"width": 38.53982811485514, "height": 40.48871394357954}}