{"building_index": 428, "real_dimensions": {"width": 28.058778206887656, "height": 29.160673023127018}}