{"building_index": 2624, "real_dimensions": {"width": 29.615382444974966, "height": 29.16704797341178}}