{"building_index": 5052, "real_dimensions": {"width": 55.67015516692539, "height": 56.615883328585575}}