{"building_index": 1744, "real_dimensions": {"width": 55.82060134621919, "height": 44.34958858645211}}