{"building_index": 4383, "real_dimensions": {"width": 27.53659027496508, "height": 27.361679833953577}}