{"building_index": 4439, "real_dimensions": {"width": 26.705993953010765, "height": 28.76580812245607}}