{"building_index": 5635, "real_dimensions": {"width": 28.912053429295565, "height": 40.32979740153688}}