{"building_index": 4726, "real_dimensions": {"width": 26.715793501519364, "height": 28.03230849099035}}