{"building_index": 441, "real_dimensions": {"width": 28.28582150692838, "height": 31.49505603102967}}