{"building_index": 1220, "real_dimensions": {"width": 38.3909897873248, "height": 37.49836578668716}}