{"building_index": 5559, "real_dimensions": {"width": 26.095030593047852, "height": 26.71228307111561}}