{"building_index": 5659, "real_dimensions": {"width": 26.69912369589826, "height": 27.744467733347168}}