{"building_index": 2237, "real_dimensions": {"width": 35.308692753938374, "height": 34.52569533935189}}