{"building_index": 831, "real_dimensions": {"width": 27.17055115501571, "height": 26.149154816841083}}