{"building_index": 729, "real_dimensions": {"width": 27.86836485344747, "height": 37.91660768007239}}