{"building_index": 5831, "real_dimensions": {"width": 31.357686549683567, "height": 30.652719108061866}}