{"building_index": 3733, "real_dimensions": {"width": 29.011252491388586, "height": 27.10095378352329}}