{"building_index": 4392, "real_dimensions": {"width": 26.5615377151223, "height": 27.091705173924563}}