{"building_index": 5768, "real_dimensions": {"width": 32.008643085504886, "height": 36.55422407748799}}