{"building_index": 6103, "real_dimensions": {"width": 29.395727450136715, "height": 27.295424627078077}}