{"building_index": 2876, "real_dimensions": {"width": 26.393156878042692, "height": 31.580840908644927}}