{"building_index": 2303, "real_dimensions": {"width": 34.981612384580075, "height": 33.35973820645983}}