{"building_index": 6088, "real_dimensions": {"width": 36.54784772948963, "height": 43.202923164647075}}