{"building_index": 4011, "real_dimensions": {"width": 28.96237854617764, "height": 32.171649892330166}}