{"building_index": 721, "real_dimensions": {"width": 33.23864785881092, "height": 40.78028985175437}}