{"building_index": 4720, "real_dimensions": {"width": 34.321083517161696, "height": 37.59887576961518}}