{"building_index": 5306, "real_dimensions": {"width": 26.53300884499913, "height": 28.07536726148178}}