{"building_index": 2828, "real_dimensions": {"width": 45.8314195349667, "height": 39.57605585824698}}