{"building_index": 2715, "real_dimensions": {"width": 38.291911943991245, "height": 33.365794815033674}}