{"building_index": 3682, "real_dimensions": {"width": 33.10321558924625, "height": 32.007352705731364}}