{"building_index": 5886, "real_dimensions": {"width": 45.34097263000498, "height": 44.423701525395735}}