{"building_index": 5495, "real_dimensions": {"width": 37.991521569762455, "height": 35.75988046242297}}