{"building_index": 2608, "real_dimensions": {"width": 34.710090157590656, "height": 39.32826308347285}}