{"building_index": 5587, "real_dimensions": {"width": 29.914166836657095, "height": 29.362179999634}}