{"building_index": 1792, "real_dimensions": {"width": 34.656011407275216, "height": 28.22212642851286}}