{"building_index": 2863, "real_dimensions": {"width": 26.140634403107686, "height": 31.898041994422673}}