{"building_index": 741, "real_dimensions": {"width": 33.16144450490246, "height": 37.29877141645444}}