{"building_index": 4723, "real_dimensions": {"width": 32.79339258801076, "height": 32.57458145396784}}