{"building_index": 4743, "real_dimensions": {"width": 31.494490570154742, "height": 36.12572819340974}}