{"building_index": 91, "real_dimensions": {"width": 33.87906563721093, "height": 36.78852619752288}}