{"building_index": 4403, "real_dimensions": {"width": 26.38744591177305, "height": 27.70363467463425}}