{"building_index": 4866, "real_dimensions": {"width": 30.077984359083352, "height": 30.107124378699808}}