{"building_index": 4736, "real_dimensions": {"width": 37.826320880947165, "height": 40.53682753897582}}