{"building_index": 4187, "real_dimensions": {"width": 33.18884448974374, "height": 28.982616737531497}}