{"building_index": 3578, "real_dimensions": {"width": 44.24983753992943, "height": 35.49997407856087}}