{"building_index": 225, "real_dimensions": {"width": 29.904903630655802, "height": 26.26456140326336}}