{"building_index": 3300, "real_dimensions": {"width": 27.283261972951003, "height": 28.967743493435638}}