{"building_index": 2659, "real_dimensions": {"width": 32.58120470758954, "height": 45.06237403834408}}