{"building_index": 5110, "real_dimensions": {"width": 31.979012216399425, "height": 44.45009974350984}}