{"building_index": 845, "real_dimensions": {"width": 38.87974808401273, "height": 33.51049534617923}}