{"building_index": 4175, "real_dimensions": {"width": 57.06329163995299, "height": 57.347761640578504}}