{"building_index": 4890, "real_dimensions": {"width": 34.91493053431642, "height": 36.656305541467546}}