{"building_index": 2579, "real_dimensions": {"width": 27.238509348770606, "height": 27.502043325547127}}