{"building_index": 4858, "real_dimensions": {"width": 28.6561745047546, "height": 28.65198558150791}}