{"building_index": 4437, "real_dimensions": {"width": 33.10898060468743, "height": 28.525102780479937}}