{"building_index": 878, "real_dimensions": {"width": 30.60124675080937, "height": 27.486605358570813}}