{"building_index": 5799, "real_dimensions": {"width": 35.68164050490614, "height": 46.49246005391702}}