{"building_index": 4678, "real_dimensions": {"width": 29.94853790991726, "height": 31.05829721014947}}