{"building_index": 4623, "real_dimensions": {"width": 36.52512643367906, "height": 38.138288064508565}}