{"building_index": 6136, "real_dimensions": {"width": 33.34310016898088, "height": 36.60912628411005}}