{"building_index": 5530, "real_dimensions": {"width": 29.921887838531404, "height": 34.64512984191067}}