{"building_index": 345, "real_dimensions": {"width": 49.032882842362746, "height": 50.64645274494588}}