{"building_index": 1535, "real_dimensions": {"width": 27.741754672162934, "height": 31.600170789174737}}