{"building_index": 2875, "real_dimensions": {"width": 47.999200731689925, "height": 44.05188038567081}}