{"building_index": 2815, "real_dimensions": {"width": 26.837725818065035, "height": 30.118672620739254}}