{"building_index": 5834, "real_dimensions": {"width": 30.295177963820556, "height": 31.959996207391043}}