{"building_index": 6119, "real_dimensions": {"width": 49.425107468920764, "height": 46.34822048488259}}