{"building_index": 5631, "real_dimensions": {"width": 26.395772617920887, "height": 30.015805244632066}}