{"building_index": 3647, "real_dimensions": {"width": 27.34361016879324, "height": 26.104810338532552}}