{"building_index": 478, "real_dimensions": {"width": 26.274550796371962, "height": 26.055153080970047}}