{"building_index": 4416, "real_dimensions": {"width": 27.158075554761066, "height": 30.844606254771353}}