{"building_index": 727, "real_dimensions": {"width": 27.634603753649863, "height": 31.461304856166244}}