{"building_index": 6074, "real_dimensions": {"width": 39.1644503261145, "height": 37.28664757219454}}