{"building_index": 6104, "real_dimensions": {"width": 26.862737748663253, "height": 33.574382398054006}}