{"building_index": 2525, "real_dimensions": {"width": 46.06569887347073, "height": 36.68333098120988}}