{"building_index": 5935, "real_dimensions": {"width": 47.582613414173636, "height": 53.90628583017426}}