{"building_index": 4537, "real_dimensions": {"width": 33.48207426678389, "height": 39.09890704292804}}