{"building_index": 194, "real_dimensions": {"width": 30.756946631285828, "height": 31.744558845098528}}