{"building_index": 2854, "real_dimensions": {"width": 29.265542159290053, "height": 33.95702954783725}}