{"building_index": 326, "real_dimensions": {"width": 26.37583213902505, "height": 30.191710596196355}}