{"building_index": 3649, "real_dimensions": {"width": 33.887883894274324, "height": 37.587976456550614}}