{"building_index": 4503, "real_dimensions": {"width": 26.499473906829177, "height": 27.738181250247482}}