{"building_index": 4176, "real_dimensions": {"width": 34.42148999161553, "height": 50.45624488070607}}