{"building_index": 4546, "real_dimensions": {"width": 36.597856441166954, "height": 39.61232355064579}}