{"building_index": 5188, "real_dimensions": {"width": 32.91127958521538, "height": 33.911011179797356}}