{"building_index": 5825, "real_dimensions": {"width": 44.19925628362689, "height": 45.059518664122244}}