{"building_index": 4995, "real_dimensions": {"width": 41.63397062673349, "height": 41.722132816662395}}