{"building_index": 5157, "real_dimensions": {"width": 32.06376216524514, "height": 32.41528438346088}}