{"building_index": 5059, "real_dimensions": {"width": 31.75466554412872, "height": 46.77049046498723}}