{"building_index": 6123, "real_dimensions": {"width": 39.502432930468736, "height": 38.009204462483524}}