{"building_index": 4324, "real_dimensions": {"width": 28.140205477729324, "height": 29.04546890982116}}