{"building_index": 1277, "real_dimensions": {"width": 31.565972625786284, "height": 46.78961704432626}}