{"building_index": 5784, "real_dimensions": {"width": 29.7735621914871, "height": 33.67514738020088}}