{"building_index": 529, "real_dimensions": {"width": 31.356628666205218, "height": 32.44162521650394}}