{"building_index": 4936, "real_dimensions": {"width": 33.69793631940381, "height": 48.505889834370464}}