{"building_index": 2740, "real_dimensions": {"width": 39.28033788407144, "height": 30.076820495786766}}