{"building_index": 66, "real_dimensions": {"width": 35.69243502129393, "height": 40.489010170412556}}