{"building_index": 4989, "real_dimensions": {"width": 30.262191207787254, "height": 31.663885713640067}}