{"building_index": 4422, "real_dimensions": {"width": 29.797941599349723, "height": 33.50762017625251}}