{"building_index": 3407, "real_dimensions": {"width": 31.707516022271204, "height": 46.45554185375911}}