{"building_index": 5237, "real_dimensions": {"width": 34.912051024114476, "height": 28.965222975518554}}