{"building_index": 4727, "real_dimensions": {"width": 31.88531756612007, "height": 34.379392184608925}}