{"building_index": 5484, "real_dimensions": {"width": 29.304982379377275, "height": 27.654656482692808}}