{"building_index": 5927, "real_dimensions": {"width": 30.761289158215124, "height": 33.956036195016154}}