{"building_index": 295, "real_dimensions": {"width": 32.41733806712849, "height": 47.78601157131294}}