{"building_index": 4229, "real_dimensions": {"width": 33.05880491328542, "height": 32.24217045552098}}