{"building_index": 6131, "real_dimensions": {"width": 36.71769432684601, "height": 44.362712120711805}}