{"building_index": 5696, "real_dimensions": {"width": 33.85390403259604, "height": 33.593113643601534}}