{"building_index": 5309, "real_dimensions": {"width": 28.082993915692594, "height": 28.818435678047436}}