{"building_index": 5201, "real_dimensions": {"width": 29.78249800545144, "height": 31.200952766435222}}