{"building_index": 3158, "real_dimensions": {"width": 27.85356558923086, "height": 27.80690680853091}}