{"building_index": 737, "real_dimensions": {"width": 32.46376801406964, "height": 46.72978977690536}}