{"building_index": 3098, "real_dimensions": {"width": 27.83514829440566, "height": 29.266898085469645}}