{"building_index": 5493, "real_dimensions": {"width": 34.954002034663574, "height": 31.31066913664341}}