{"building_index": 2699, "real_dimensions": {"width": 34.522993021657456, "height": 32.70734821140766}}