{"building_index": 4384, "real_dimensions": {"width": 40.70199656639093, "height": 40.896118570032215}}