{"building_index": 2879, "real_dimensions": {"width": 50.83280445376217, "height": 44.36959116406118}}