{"building_index": 2848, "real_dimensions": {"width": 33.72869514705827, "height": 38.20820248745116}}