{"building_index": 4711, "real_dimensions": {"width": 27.208619932012517, "height": 29.94185300773808}}