{"building_index": 4847, "real_dimensions": {"width": 34.556019518303216, "height": 32.596412694483995}}