{"building_index": 5232, "real_dimensions": {"width": 31.173872879049743, "height": 33.76914814499517}}