{"building_index": 4912, "real_dimensions": {"width": 33.976856722523614, "height": 35.04432792403114}}