{"building_index": 1479, "real_dimensions": {"width": 31.199985336829908, "height": 49.33230351572856}}