{"building_index": 1753, "real_dimensions": {"width": 26.20772526791319, "height": 30.300844766471002}}