{"building_index": 5138, "real_dimensions": {"width": 30.53173259001536, "height": 38.699473014374576}}