{"building_index": 4568, "real_dimensions": {"width": 29.383882512818673, "height": 32.43673819818844}}