{"building_index": 3726, "real_dimensions": {"width": 31.811626917033575, "height": 27.433518740544095}}