{"building_index": 2873, "real_dimensions": {"width": 35.689150766547925, "height": 36.925410355207106}}