{"building_index": 4625, "real_dimensions": {"width": 27.81692543866113, "height": 28.81901351571083}}