{"building_index": 875, "real_dimensions": {"width": 34.00904933687843, "height": 44.681741799954324}}