{"building_index": 4746, "real_dimensions": {"width": 32.67382886417326, "height": 35.824726621427885}}