{"building_index": 4382, "real_dimensions": {"width": 28.486582188934943, "height": 33.26338183807209}}