{"building_index": 5571, "real_dimensions": {"width": 28.302097706041337, "height": 30.747248194630124}}