{"building_index": 810, "real_dimensions": {"width": 30.225208277283233, "height": 35.13421080433098}}