{"building_index": 256, "real_dimensions": {"width": 26.600424368749373, "height": 27.636911551561205}}