{"building_index": 2881, "real_dimensions": {"width": 34.54666815745586, "height": 44.62231648754329}}