{"building_index": 3107, "real_dimensions": {"width": 31.464858575725614, "height": 26.92607816173695}}