{"building_index": 6137, "real_dimensions": {"width": 36.26966443684884, "height": 39.0788687117553}}