{"building_index": 4531, "real_dimensions": {"width": 40.716157543980515, "height": 50.588264799490574}}