{"building_index": 5126, "real_dimensions": {"width": 34.65572871380486, "height": 38.12394647443294}}