{"building_index": 2844, "real_dimensions": {"width": 33.736727830356685, "height": 38.25043570184814}}