{"building_index": 2375, "real_dimensions": {"width": 41.22017256327672, "height": 42.915810074834155}}