{"building_index": 5535, "real_dimensions": {"width": 31.92001623433316, "height": 29.146660405516624}}