{"building_index": 2109, "real_dimensions": {"width": 31.697525935038627, "height": 43.717740418839576}}