{"building_index": 2460, "real_dimensions": {"width": 30.769996724978768, "height": 43.007923861121135}}