{"building_index": 4553, "real_dimensions": {"width": 30.165329458463628, "height": 31.365583063608835}}