{"building_index": 4216, "real_dimensions": {"width": 28.284364526392505, "height": 29.611569575397297}}