{"building_index": 5630, "real_dimensions": {"width": 33.5429696469366, "height": 29.48674167791009}}