{"building_index": 5634, "real_dimensions": {"width": 32.092517070276664, "height": 30.571962707147}}