{"building_index": 738, "real_dimensions": {"width": 41.44404655959806, "height": 40.28516665914655}}