{"building_index": 2847, "real_dimensions": {"width": 33.741089276127944, "height": 38.18018266184787}}