{"building_index": 4950, "real_dimensions": {"width": 28.41579943083809, "height": 33.6506450123606}}