{"building_index": 4586, "real_dimensions": {"width": 27.2619947712201, "height": 26.014943216418224}}