{"building_index": 3102, "real_dimensions": {"width": 26.000964823965916, "height": 27.80320216461395}}