{"building_index": 3232, "real_dimensions": {"width": 31.70886644628869, "height": 38.02356505220756}}