{"building_index": 4797, "real_dimensions": {"width": 26.048321202320512, "height": 28.09171880782715}}