{"building_index": 6064, "real_dimensions": {"width": 46.687361471327804, "height": 50.06543753497302}}