{"building_index": 5054, "real_dimensions": {"width": 28.371230563876257, "height": 42.76234758828174}}