{"building_index": 2694, "real_dimensions": {"width": 36.34375608167164, "height": 39.59504469168683}}