{"building_index": 5116, "real_dimensions": {"width": 29.42569702769591, "height": 31.4602251762338}}