{"building_index": 308, "real_dimensions": {"width": 32.56865133561533, "height": 47.97571862334385}}