{"building_index": 5492, "real_dimensions": {"width": 26.1765411826229, "height": 31.296916435584425}}