{"building_index": 2064, "real_dimensions": {"width": 34.27385390037438, "height": 31.64847144621114}}