{"building_index": 2853, "real_dimensions": {"width": 33.734433119876776, "height": 38.19554924130972}}