{"building_index": 4388, "real_dimensions": {"width": 27.339765236899257, "height": 28.17191700928534}}