{"building_index": 387, "real_dimensions": {"width": 45.15955730490949, "height": 51.36789710739893}}