{"building_index": 4177, "real_dimensions": {"width": 36.613178418534034, "height": 36.71983095978386}}