{"building_index": 3686, "real_dimensions": {"width": 27.845378371243715, "height": 27.259459858046224}}