{"building_index": 3371, "real_dimensions": {"width": 28.256958205233097, "height": 26.97618359340727}}