{"building_index": 5837, "real_dimensions": {"width": 32.23059127893649, "height": 33.453596443080656}}