{"building_index": 5661, "real_dimensions": {"width": 26.523163564605635, "height": 27.86903661304464}}