{"building_index": 4846, "real_dimensions": {"width": 28.520685141941065, "height": 31.687483883388342}}