{"building_index": 5011, "real_dimensions": {"width": 33.45879766629543, "height": 32.88243873476982}}