{"building_index": 4614, "real_dimensions": {"width": 26.83099874777137, "height": 29.139163449466228}}