{"building_index": 5186, "real_dimensions": {"width": 39.52151633474083, "height": 28.386131184641272}}