{"building_index": 4386, "real_dimensions": {"width": 26.526288169918118, "height": 38.247529702931644}}