{"building_index": 5732, "real_dimensions": {"width": 34.62814208923956, "height": 38.73053720420537}}