{"building_index": 4556, "real_dimensions": {"width": 29.889556091254732, "height": 35.256017603554895}}