{"building_index": 2673, "real_dimensions": {"width": 30.58484853749474, "height": 32.329365379182356}}