{"building_index": 1938, "real_dimensions": {"width": 27.18928691334246, "height": 27.815708888694644}}