{"building_index": 5356, "real_dimensions": {"width": 27.10077773066005, "height": 29.763114365094474}}