{"building_index": 725, "real_dimensions": {"width": 30.287542754965642, "height": 42.657836760224946}}