{"building_index": 4944, "real_dimensions": {"width": 27.662251952933147, "height": 32.584598298149984}}