{"building_index": 4587, "real_dimensions": {"width": 26.91894530808786, "height": 27.749651624830438}}