{"building_index": 391, "real_dimensions": {"width": 26.20728067035515, "height": 28.359787010490894}}