{"building_index": 4227, "real_dimensions": {"width": 28.126049872693837, "height": 32.07256069650563}}