{"building_index": 4390, "real_dimensions": {"width": 30.35195328606894, "height": 29.4262096863389}}