{"building_index": 4401, "real_dimensions": {"width": 30.229203810701144, "height": 31.942199851730837}}