{"building_index": 3747, "real_dimensions": {"width": 29.276737009933374, "height": 28.3409007999897}}