{"building_index": 2706, "real_dimensions": {"width": 35.14034297122912, "height": 55.81242479478319}}