{"building_index": 397, "real_dimensions": {"width": 26.042124166748838, "height": 30.00493274701138}}