{"building_index": 4655, "real_dimensions": {"width": 33.204991544206855, "height": 36.52146987246349}}