{"building_index": 4109, "real_dimensions": {"width": 26.58002888287534, "height": 27.29255392285064}}