{"building_index": 4851, "real_dimensions": {"width": 28.592756122625822, "height": 32.11774259962452}}