{"building_index": 3271, "real_dimensions": {"width": 27.227564523436012, "height": 34.657011226415634}}