{"building_index": 4611, "real_dimensions": {"width": 27.480496614565684, "height": 27.29887379475869}}