{"building_index": 6097, "real_dimensions": {"width": 27.975163666578595, "height": 34.93761893486604}}