{"building_index": 4295, "real_dimensions": {"width": 27.10797654906288, "height": 26.073257273077964}}