{"building_index": 4225, "real_dimensions": {"width": 28.41808375920169, "height": 29.974834215411295}}