{"building_index": 3262, "real_dimensions": {"width": 34.234835121100765, "height": 36.123301376625896}}