{"building_index": 802, "real_dimensions": {"width": 30.431285279081784, "height": 33.88210222544681}}