{"building_index": 820, "real_dimensions": {"width": 29.585911422387582, "height": 28.23133552093804}}