{"building_index": 5259, "real_dimensions": {"width": 33.74623921893653, "height": 32.099638225305824}}