{"building_index": 5828, "real_dimensions": {"width": 29.145121131250637, "height": 29.306925320668764}}