{"building_index": 2389, "real_dimensions": {"width": 38.62529601567017, "height": 31.734580379091202}}