{"building_index": 5487, "real_dimensions": {"width": 30.666847640673126, "height": 32.16045604743995}}