{"building_index": 5252, "real_dimensions": {"width": 50.520352189635545, "height": 55.786209474653}}