{"building_index": 4815, "real_dimensions": {"width": 42.74961254481925, "height": 39.06368445162475}}