{"building_index": 5055, "real_dimensions": {"width": 48.31818779356079, "height": 47.22875806069622}}