{"building_index": 4771, "real_dimensions": {"width": 39.18309485406673, "height": 40.4802877471745}}