{"building_index": 4217, "real_dimensions": {"width": 30.472245068172924, "height": 29.491904908545933}}