{"building_index": 411, "real_dimensions": {"width": 29.43860543398478, "height": 32.356337517132715}}