{"building_index": 6092, "real_dimensions": {"width": 42.98357317837382, "height": 45.1526328740865}}