{"building_index": 5020, "real_dimensions": {"width": 29.36312317384019, "height": 27.171192269757388}}