{"building_index": 484, "real_dimensions": {"width": 34.88548025627213, "height": 31.984001622963696}}