{"building_index": 294, "real_dimensions": {"width": 27.141556549276313, "height": 39.19586999726171}}