{"building_index": 3795, "real_dimensions": {"width": 35.84548466885404, "height": 42.806159651377904}}