{"building_index": 248, "real_dimensions": {"width": 34.17365749061243, "height": 31.017963614389302}}