{"building_index": 865, "real_dimensions": {"width": 28.482808981544803, "height": 28.56876014401205}}