{"building_index": 398, "real_dimensions": {"width": 32.66660857733456, "height": 38.582944536528416}}