{"building_index": 2427, "real_dimensions": {"width": 42.322454461202724, "height": 31.12669122191146}}