{"building_index": 2357, "real_dimensions": {"width": 39.90501547938795, "height": 35.50331318358891}}