{"building_index": 296, "real_dimensions": {"width": 57.163858245627495, "height": 52.91295995373279}}