{"building_index": 2817, "real_dimensions": {"width": 26.707555729764866, "height": 34.50968083611379}}