{"building_index": 4676, "real_dimensions": {"width": 29.047652494581413, "height": 31.80575939413781}}