{"building_index": 3274, "real_dimensions": {"width": 36.50613620429455, "height": 41.56542472455651}}