{"building_index": 5545, "real_dimensions": {"width": 30.739559164784925, "height": 34.17753532860428}}