{"building_index": 5194, "real_dimensions": {"width": 33.59481742346834, "height": 27.556989849507808}}