{"building_index": 1759, "real_dimensions": {"width": 31.971339024292927, "height": 30.052305879971634}}