{"building_index": 4864, "real_dimensions": {"width": 28.020950993317726, "height": 32.31062895170102}}