{"building_index": 4391, "real_dimensions": {"width": 27.0224187776068, "height": 29.020456876486538}}