{"building_index": 5075, "real_dimensions": {"width": 29.08688443588714, "height": 31.099827611669898}}