{"building_index": 255, "real_dimensions": {"width": 34.192741757032934, "height": 29.93900777985342}}