{"building_index": 2785, "real_dimensions": {"width": 27.053859466044234, "height": 30.429723593342516}}