{"building_index": 3719, "real_dimensions": {"width": 27.636048601911558, "height": 29.752854162392516}}