{"building_index": 2630, "real_dimensions": {"width": 35.07254265548157, "height": 28.620512959426268}}