{"building_index": 1339, "real_dimensions": {"width": 26.693403189801224, "height": 28.349239328457042}}