{"building_index": 5829, "real_dimensions": {"width": 30.25542086757933, "height": 32.92581981560588}}