{"building_index": 5314, "real_dimensions": {"width": 29.207656776564548, "height": 30.226590438255418}}