{"building_index": 789, "real_dimensions": {"width": 31.224670794718744, "height": 31.08438174304366}}