{"building_index": 2499, "real_dimensions": {"width": 26.977371773421762, "height": 29.110168146504353}}