{"building_index": 4740, "real_dimensions": {"width": 36.011157457436205, "height": 38.831119295870884}}