{"building_index": 274, "real_dimensions": {"width": 35.801826218033675, "height": 49.80635810449719}}