{"building_index": 4578, "real_dimensions": {"width": 55.94751267031534, "height": 45.88644490065053}}