{"building_index": 3791, "real_dimensions": {"width": 45.40853702175198, "height": 56.99773267745144}}