{"building_index": 6014, "real_dimensions": {"width": 26.073985250787032, "height": 28.18673027658214}}