{"building_index": 5250, "real_dimensions": {"width": 28.65142640485021, "height": 28.455238474726677}}