{"building_index": 6090, "real_dimensions": {"width": 41.24750841449811, "height": 44.69560746488827}}