{"building_index": 4626, "real_dimensions": {"width": 27.615638404992445, "height": 31.919028047296617}}