{"building_index": 912, "real_dimensions": {"width": 43.614833695539275, "height": 57.58654949910007}}