{"building_index": 6076, "real_dimensions": {"width": 34.16830365545349, "height": 39.06057382508181}}