{"building_index": 6105, "real_dimensions": {"width": 26.774219013975234, "height": 31.046098703965544}}