{"building_index": 4843, "real_dimensions": {"width": 31.110039355303165, "height": 34.39028986298612}}