{"building_index": 4526, "real_dimensions": {"width": 27.17942197252414, "height": 28.312913005143404}}