{"building_index": 3276, "real_dimensions": {"width": 35.91387183037781, "height": 42.33995121711865}}