{"building_index": 2212, "real_dimensions": {"width": 29.23783943366434, "height": 30.15449774263799}}