{"building_index": 351, "real_dimensions": {"width": 36.123042047955096, "height": 39.67026714740321}}