{"building_index": 4536, "real_dimensions": {"width": 52.352991582072185, "height": 59.248595529645684}}