{"building_index": 3275, "real_dimensions": {"width": 36.862826507912445, "height": 34.97387102230452}}