{"building_index": 5336, "real_dimensions": {"width": 38.82948777660844, "height": 37.72390124627389}}