{"building_index": 2849, "real_dimensions": {"width": 31.14658419165295, "height": 31.540743125677107}}