{"building_index": 71, "real_dimensions": {"width": 33.241480908742915, "height": 36.35026010863172}}