{"building_index": 5798, "real_dimensions": {"width": 26.375165465562993, "height": 29.025412455735108}}