{"building_index": 4770, "real_dimensions": {"width": 28.069880963849524, "height": 31.716337321688023}}