{"building_index": 5025, "real_dimensions": {"width": 29.381526297926904, "height": 27.25968120986223}}