{"building_index": 5790, "real_dimensions": {"width": 28.818177819688184, "height": 32.34522875176742}}