{"building_index": 4694, "real_dimensions": {"width": 33.72924725386159, "height": 36.656616375055165}}