{"building_index": 5401, "real_dimensions": {"width": 32.30052514659377, "height": 28.650615188144148}}