{"building_index": 2803, "real_dimensions": {"width": 31.58224350770237, "height": 40.42323177266038}}