{"building_index": 2886, "real_dimensions": {"width": 39.48224180473772, "height": 37.12967205767333}}