{"building_index": 5839, "real_dimensions": {"width": 28.642768332798735, "height": 30.164094612792134}}