{"building_index": 3967, "real_dimensions": {"width": 50.50320836787054, "height": 32.12061460822821}}