{"building_index": 4725, "real_dimensions": {"width": 28.002386253103616, "height": 30.322351043168453}}