{"building_index": 5817, "real_dimensions": {"width": 34.36344698579245, "height": 43.64671567350626}}