{"building_index": 2595, "real_dimensions": {"width": 31.59730699723509, "height": 34.435334432774354}}