{"building_index": 5211, "real_dimensions": {"width": 38.75763516917553, "height": 33.9867792327851}}