{"building_index": 4415, "real_dimensions": {"width": 29.406074944715947, "height": 31.83685931805521}}