{"building_index": 4769, "real_dimensions": {"width": 30.31041662931675, "height": 27.73718773600459}}