{"building_index": 4347, "real_dimensions": {"width": 26.537929173510054, "height": 31.584530174843966}}