{"building_index": 1970, "real_dimensions": {"width": 31.075049626892433, "height": 33.57623547712652}}