{"building_index": 5307, "real_dimensions": {"width": 30.451585102220996, "height": 28.549156447440385}}