{"building_index": 973, "real_dimensions": {"width": 27.73219861344357, "height": 26.840672446185103}}