{"building_index": 5620, "real_dimensions": {"width": 26.35162478698534, "height": 28.799524194616826}}