{"building_index": 4637, "real_dimensions": {"width": 30.104498262060613, "height": 36.78795035775751}}