{"building_index": 313, "real_dimensions": {"width": 32.8575215292427, "height": 33.337780044386164}}