{"building_index": 4665, "real_dimensions": {"width": 27.66918257662095, "height": 31.40711281950275}}