{"building_index": 5840, "real_dimensions": {"width": 41.32195140453095, "height": 42.435138612002135}}