{"building_index": 4505, "real_dimensions": {"width": 29.72531097426215, "height": 29.027005059526612}}