{"building_index": 4808, "real_dimensions": {"width": 32.91659210605935, "height": 30.58453201009333}}