{"building_index": 3141, "real_dimensions": {"width": 30.369243826624004, "height": 31.946477980570247}}