{"building_index": 2551, "real_dimensions": {"width": 29.988091006690134, "height": 29.52517028832808}}