{"building_index": 5223, "real_dimensions": {"width": 34.22356146746897, "height": 28.951114225424828}}