{"building_index": 2443, "real_dimensions": {"width": 27.76108649787881, "height": 29.606135288660102}}