{"building_index": 3172, "real_dimensions": {"width": 26.460620912516802, "height": 26.535880746599286}}