{"building_index": 743, "real_dimensions": {"width": 35.57309484988063, "height": 39.81952613119036}}