{"building_index": 4622, "real_dimensions": {"width": 27.833836724693732, "height": 30.06949797687431}}