{"building_index": 5586, "real_dimensions": {"width": 33.544430328683816, "height": 36.03666462262161}}