{"building_index": 1944, "real_dimensions": {"width": 32.06264975691563, "height": 29.427471264302728}}