{"building_index": 4721, "real_dimensions": {"width": 28.906446660667815, "height": 30.86007639700174}}