{"building_index": 4834, "real_dimensions": {"width": 29.89900482699566, "height": 31.37600064386924}}