{"building_index": 245, "real_dimensions": {"width": 34.803136287783275, "height": 30.961996646085755}}