{"building_index": 3289, "real_dimensions": {"width": 29.92796836165944, "height": 43.95158741604199}}