{"building_index": 2475, "real_dimensions": {"width": 33.77488626650302, "height": 29.296824038835865}}