{"building_index": 5061, "real_dimensions": {"width": 27.905378395151928, "height": 47.05354685351873}}