{"building_index": 4718, "real_dimensions": {"width": 26.89527652627556, "height": 27.714786340326068}}