{"building_index": 5227, "real_dimensions": {"width": 39.47132719121408, "height": 47.24954182820129}}