{"building_index": 4594, "real_dimensions": {"width": 32.39579340112725, "height": 29.549885523281993}}