{"building_index": 2273, "real_dimensions": {"width": 26.717449114662593, "height": 26.327497251734137}}