{"building_index": 5973, "real_dimensions": {"width": 28.34575201488915, "height": 26.525489576580004}}