{"building_index": 1272, "real_dimensions": {"width": 29.841999790680127, "height": 28.29097603046894}}