{"building_index": 1943, "real_dimensions": {"width": 44.62453935928876, "height": 46.06788801316917}}