{"building_index": 5115, "real_dimensions": {"width": 30.511266075390544, "height": 40.319563761858475}}