{"building_index": 830, "real_dimensions": {"width": 48.9189088356004, "height": 43.33741606763005}}