{"building_index": 683, "real_dimensions": {"width": 47.80778277058271, "height": 46.59069348728905}}