{"building_index": 4774, "real_dimensions": {"width": 35.74606200728546, "height": 48.26499656030287}}