{"building_index": 3301, "real_dimensions": {"width": 31.73658045295005, "height": 38.03474160442395}}