{"building_index": 4953, "real_dimensions": {"width": 29.007304148601836, "height": 26.38116347762942}}