{"building_index": 4675, "real_dimensions": {"width": 34.07800119033491, "height": 33.36236559313535}}