{"building_index": 2405, "real_dimensions": {"width": 37.40027271796134, "height": 54.78717005348764}}