{"building_index": 3679, "real_dimensions": {"width": 33.19490615873714, "height": 29.932092528149486}}