{"building_index": 4561, "real_dimensions": {"width": 36.19787922419239, "height": 35.314199205543844}}