{"building_index": 4569, "real_dimensions": {"width": 55.91120292108273, "height": 41.54711826161171}}