{"building_index": 1018, "real_dimensions": {"width": 28.28000963461818, "height": 28.42382613763213}}