{"building_index": 2727, "real_dimensions": {"width": 32.472779759312985, "height": 37.0637850759613}}