{"building_index": 4857, "real_dimensions": {"width": 30.60239284364041, "height": 37.154736122377216}}