{"building_index": 2871, "real_dimensions": {"width": 35.73459709126347, "height": 39.34179876838145}}