{"building_index": 4380, "real_dimensions": {"width": 26.52048577337118, "height": 28.245599012654274}}