{"building_index": 4798, "real_dimensions": {"width": 26.287589435626288, "height": 27.485840095145893}}