{"building_index": 6091, "real_dimensions": {"width": 36.45344405407086, "height": 47.120206446573135}}