{"building_index": 2839, "real_dimensions": {"width": 28.535995634043672, "height": 41.70569271908762}}