{"building_index": 5742, "real_dimensions": {"width": 31.805411893915736, "height": 34.31997953911977}}