{"building_index": 4554, "real_dimensions": {"width": 33.228325805296386, "height": 36.66663384560806}}