{"building_index": 4854, "real_dimensions": {"width": 54.300205732467774, "height": 57.14234565417468}}