{"building_index": 1297, "real_dimensions": {"width": 27.011803238133727, "height": 48.57757055536844}}