{"building_index": 4689, "real_dimensions": {"width": 34.971173279960055, "height": 39.20739113385168}}