{"building_index": 5633, "real_dimensions": {"width": 26.028775255409418, "height": 27.625595954938657}}