{"building_index": 1955, "real_dimensions": {"width": 29.56608676238645, "height": 51.96592246491462}}