{"building_index": 3403, "real_dimensions": {"width": 45.88771047633898, "height": 50.950422608666116}}