{"building_index": 5235, "real_dimensions": {"width": 43.542214731381584, "height": 51.329279725067316}}