{"building_index": 6192, "real_dimensions": {"width": 28.79405616100664, "height": 43.4149004521475}}