{"building_index": 739, "real_dimensions": {"width": 26.756821981780423, "height": 30.826744561461464}}