{"building_index": 252, "real_dimensions": {"width": 27.299956967484516, "height": 28.35566151925052}}