{"building_index": 4735, "real_dimensions": {"width": 34.64152324813069, "height": 37.1825945436582}}