{"building_index": 4373, "real_dimensions": {"width": 26.761165742133745, "height": 29.586680406116482}}