{"building_index": 4952, "real_dimensions": {"width": 26.15253371772259, "height": 28.38712148724496}}