{"building_index": 5234, "real_dimensions": {"width": 29.73193636246336, "height": 35.55735550414771}}