{"building_index": 1871, "real_dimensions": {"width": 35.5334057001397, "height": 39.56929080405938}}