{"building_index": 2402, "real_dimensions": {"width": 56.96068261446587, "height": 44.836674026213586}}