{"building_index": 4685, "real_dimensions": {"width": 32.64287554424179, "height": 36.13435401891047}}