{"building_index": 731, "real_dimensions": {"width": 35.29938533978847, "height": 43.52209993431611}}