{"building_index": 6098, "real_dimensions": {"width": 28.740704888571052, "height": 34.72468213219196}}