{"building_index": 1961, "real_dimensions": {"width": 29.796906643387047, "height": 29.06539745135233}}