{"building_index": 4758, "real_dimensions": {"width": 28.21706546347317, "height": 27.399048568106565}}