{"building_index": 442, "real_dimensions": {"width": 47.49464302998695, "height": 49.12646917459555}}