{"building_index": 2837, "real_dimensions": {"width": 33.6509959125348, "height": 33.74468539792299}}