{"building_index": 2931, "real_dimensions": {"width": 38.199516413824945, "height": 26.219795894734563}}