{"building_index": 5486, "real_dimensions": {"width": 29.41919168343185, "height": 27.94872908771038}}