{"building_index": 4812, "real_dimensions": {"width": 28.908991287334356, "height": 35.71030914892753}}