{"building_index": 2268, "real_dimensions": {"width": 32.90756613623235, "height": 39.162822957512525}}