{"building_index": 4799, "real_dimensions": {"width": 27.056460494649365, "height": 34.63146032966674}}