{"building_index": 4619, "real_dimensions": {"width": 29.81083930877736, "height": 31.07905819393694}}