{"building_index": 791, "real_dimensions": {"width": 26.15896984691305, "height": 36.60888794073835}}