{"building_index": 4994, "real_dimensions": {"width": 37.88210423076332, "height": 48.47442636080086}}