{"building_index": 2735, "real_dimensions": {"width": 52.03403246542439, "height": 36.1621059098281}}