{"building_index": 4609, "real_dimensions": {"width": 31.567632921197994, "height": 31.964829093230264}}