{"building_index": 5969, "real_dimensions": {"width": 33.9919900560705, "height": 40.755680404981334}}