{"building_index": 2495, "real_dimensions": {"width": 28.178282912319993, "height": 34.46091334261}}