{"building_index": 5928, "real_dimensions": {"width": 26.323745214822704, "height": 27.908509085671977}}