{"building_index": 1432, "real_dimensions": {"width": 27.05851166162407, "height": 32.47439472369436}}