{"building_index": 1760, "real_dimensions": {"width": 34.204962500457185, "height": 33.69039610754699}}