{"building_index": 4964, "real_dimensions": {"width": 30.996530370281548, "height": 35.51348493106663}}