{"building_index": 6130, "real_dimensions": {"width": 26.04853698470455, "height": 26.757500507749086}}