{"building_index": 822, "real_dimensions": {"width": 36.8729031645006, "height": 33.729160880049065}}