{"building_index": 883, "real_dimensions": {"width": 34.40876827239059, "height": 36.2310889328892}}