{"building_index": 4551, "real_dimensions": {"width": 30.433654983623416, "height": 43.46992437623441}}