{"building_index": 4828, "real_dimensions": {"width": 42.43166497847706, "height": 47.207060438703216}}