{"building_index": 4607, "real_dimensions": {"width": 29.353172422362647, "height": 33.218545022998}}