{"building_index": 3288, "real_dimensions": {"width": 32.910376537581904, "height": 38.435717708263546}}