{"building_index": 2086, "real_dimensions": {"width": 26.707584988827588, "height": 27.58001814920455}}