{"building_index": 5431, "real_dimensions": {"width": 36.24015999132302, "height": 30.05569275078364}}