{"building_index": 704, "real_dimensions": {"width": 26.066589372592862, "height": 28.31416428817436}}