{"building_index": 5108, "real_dimensions": {"width": 32.31997558259522, "height": 44.26009950832549}}