{"building_index": 6232, "real_dimensions": {"width": 32.75186742045683, "height": 34.6710995182991}}