{"building_index": 5607, "real_dimensions": {"width": 30.5809836645989, "height": 30.47691178354124}}