{"building_index": 2103, "real_dimensions": {"width": 27.148622201904654, "height": 38.0908535097943}}