{"building_index": 2829, "real_dimensions": {"width": 51.40012859955431, "height": 53.35491666129125}}