{"building_index": 5190, "real_dimensions": {"width": 38.58834908222158, "height": 31.624358797743916}}