{"building_index": 2833, "real_dimensions": {"width": 49.12164461798792, "height": 50.87480565434694}}