{"building_index": 5060, "real_dimensions": {"width": 30.836219345189747, "height": 31.54855569134156}}