{"building_index": 4575, "real_dimensions": {"width": 48.41530519351984, "height": 46.27780870576389}}