{"building_index": 3245, "real_dimensions": {"width": 26.641740273502464, "height": 27.210520216021685}}