{"building_index": 6081, "real_dimensions": {"width": 26.68785948967367, "height": 29.03919165523102}}