{"building_index": 772, "real_dimensions": {"width": 39.08622959529749, "height": 51.47412401810702}}