{"building_index": 2289, "real_dimensions": {"width": 26.790984954339024, "height": 28.116652156221015}}