{"building_index": 863, "real_dimensions": {"width": 36.60863650771208, "height": 36.48795674301063}}