{"building_index": 4914, "real_dimensions": {"width": 27.020847044554152, "height": 26.830697985151783}}