{"building_index": 6115, "real_dimensions": {"width": 35.67186675631966, "height": 50.67979758979752}}