{"building_index": 4228, "real_dimensions": {"width": 32.23529576713162, "height": 33.42248033806061}}