{"building_index": 4697, "real_dimensions": {"width": 48.910124027193525, "height": 54.64397739674896}}