{"building_index": 836, "real_dimensions": {"width": 39.31486335290596, "height": 57.64484965299567}}