{"building_index": 4654, "real_dimensions": {"width": 28.964557218928046, "height": 35.571532977513144}}