{"building_index": 5226, "real_dimensions": {"width": 29.94763672856672, "height": 31.580965834350458}}