{"building_index": 1570, "real_dimensions": {"width": 32.78862430807979, "height": 40.22714181315154}}