{"building_index": 5731, "real_dimensions": {"width": 26.881863356208388, "height": 30.604451558956253}}