{"building_index": 684, "real_dimensions": {"width": 51.471113218023675, "height": 49.78984422542155}}