{"building_index": 5534, "real_dimensions": {"width": 36.15019255625841, "height": 34.43375111402571}}