{"building_index": 5029, "real_dimensions": {"width": 29.138837905411297, "height": 27.16783970296383}}