{"building_index": 2864, "real_dimensions": {"width": 30.144611286781146, "height": 27.012402612157167}}