{"building_index": 1962, "real_dimensions": {"width": 26.378827087820195, "height": 30.34748517418014}}