{"building_index": 2435, "real_dimensions": {"width": 29.365540825122345, "height": 43.54244813098827}}