{"building_index": 5580, "real_dimensions": {"width": 31.515150079456507, "height": 35.1728730890962}}