{"building_index": 4993, "real_dimensions": {"width": 33.48269969365016, "height": 38.14949660665755}}