{"building_index": 5888, "real_dimensions": {"width": 27.75745663218433, "height": 29.03420735052228}}