{"building_index": 3260, "real_dimensions": {"width": 42.44379574063389, "height": 46.07416862678527}}