{"building_index": 4583, "real_dimensions": {"width": 32.83478317871341, "height": 33.38083347609577}}