{"building_index": 2391, "real_dimensions": {"width": 35.84592957587155, "height": 43.960838990025216}}