{"building_index": 5598, "real_dimensions": {"width": 31.387891814931066, "height": 33.696681594941765}}