{"building_index": 320, "real_dimensions": {"width": 44.06558791833018, "height": 43.752872418736416}}