{"building_index": 4679, "real_dimensions": {"width": 46.90276038189651, "height": 40.46096129494905}}