{"building_index": 4632, "real_dimensions": {"width": 31.52418869289395, "height": 34.778045332439774}}