{"building_index": 1750, "real_dimensions": {"width": 29.57518735922621, "height": 28.975742237031458}}