{"building_index": 749, "real_dimensions": {"width": 28.767330710958536, "height": 29.84479242332812}}