{"building_index": 3319, "real_dimensions": {"width": 31.581649713541847, "height": 30.38215608576313}}