{"building_index": 3402, "real_dimensions": {"width": 27.057825586114777, "height": 26.097509305098402}}