{"building_index": 4841, "real_dimensions": {"width": 32.00310331595169, "height": 36.04185470823198}}