{"building_index": 6070, "real_dimensions": {"width": 30.9284603385441, "height": 36.09601325493572}}