{"building_index": 2539, "real_dimensions": {"width": 31.31100553383162, "height": 44.91884319448844}}