{"building_index": 4778, "real_dimensions": {"width": 33.964965620911684, "height": 49.986248987475406}}