{"building_index": 2826, "real_dimensions": {"width": 31.54544214028865, "height": 34.549874521785725}}