{"building_index": 5898, "real_dimensions": {"width": 48.07629086876987, "height": 54.60127564076334}}