{"building_index": 2005, "real_dimensions": {"width": 31.42498541565239, "height": 48.15310653633748}}