{"building_index": 4733, "real_dimensions": {"width": 32.20238806475555, "height": 34.22008403106034}}