{"building_index": 5105, "real_dimensions": {"width": 30.982818074212414, "height": 31.863450894802806}}