{"building_index": 5240, "real_dimensions": {"width": 40.849635152503616, "height": 42.717835277651126}}