{"building_index": 353, "real_dimensions": {"width": 52.79999393820763, "height": 50.08239898756146}}