{"building_index": 28, "real_dimensions": {"width": 21.322217470905354, "height": 26.662435429170728}}