{"building_index": 104, "real_dimensions": {"width": 25.575594306392592, "height": 19.714541869107634}}