{"building_index": 54, "real_dimensions": {"width": 31.02297247446142, "height": 37.5104494479405}}