{"building_index": 44, "real_dimensions": {"width": 31.839359266002624, "height": 30.92822062906188}}