{"building_index": 105, "real_dimensions": {"width": 47.16084252102591, "height": 32.24065291353812}}