{"building_index": 162, "real_dimensions": {"width": 8.765782873876548, "height": 11.7158952416314}}