{"building_index": 110, "real_dimensions": {"width": 39.574910212503745, "height": 40.224341311398895}}