{"building_index": 55, "real_dimensions": {"width": 43.30514674032883, "height": 36.933746802496415}}