{"building_index": 83, "real_dimensions": {"width": 89.62052974309307, "height": 84.85823500380852}}