{"building_index": 93, "real_dimensions": {"width": 19.25863513494997, "height": 24.63553082598107}}