{"building_index": 173, "real_dimensions": {"width": 17.38631380455025, "height": 22.20524910799331}}