{"building_index": 96, "real_dimensions": {"width": 22.94835499576681, "height": 23.810614944286645}}