{"building_index": 185, "real_dimensions": {"width": 13.438508886473524, "height": 19.512565292177555}}