{"building_index": 169, "real_dimensions": {"width": 15.335890419725327, "height": 22.039349543703718}}