{"building_index": 149, "real_dimensions": {"width": 61.92225686122663, "height": 79.99517619410322}}