{"building_index": 47, "real_dimensions": {"width": 24.09808235010908, "height": 19.374240437584618}}