{"building_index": 91, "real_dimensions": {"width": 27.879065637210925, "height": 30.788526197522877}}