{"building_index": 98, "real_dimensions": {"width": 47.99863704613469, "height": 36.202835426824166}}