{"building_index": 166, "real_dimensions": {"width": 10.510089346682651, "height": 15.405614337647954}}