{"building_index": 38, "real_dimensions": {"width": 151.1549877901872, "height": 176.7548456427375}}