{"building_index": 23, "real_dimensions": {"width": 31.913497365034807, "height": 27.7135145599246}}