{"building_index": 133, "real_dimensions": {"width": 28.998395529401026, "height": 38.67412600035055}}