{"building_index": 50, "real_dimensions": {"width": 32.45914126046933, "height": 29.9439531609714}}