{"building_index": 65, "real_dimensions": {"width": 38.92863712444475, "height": 43.60869248536016}}