{"building_index": 99, "real_dimensions": {"width": 59.82976184279114, "height": 56.07109577232599}}