{"building_index": 18, "real_dimensions": {"width": 68.06539200087775, "height": 151.74599796613677}}