{"building_index": 157, "real_dimensions": {"width": 33.19953952061537, "height": 47.70764623367124}}