{"building_index": 37, "real_dimensions": {"width": 132.5423512186754, "height": 145.87088146016}}