{"building_index": 61, "real_dimensions": {"width": 43.116793055894476, "height": 45.24718465863168}}