{"building_index": 100, "real_dimensions": {"width": 68.31178372395225, "height": 77.42174005039037}}