{"building_index": 118, "real_dimensions": {"width": 86.57521792986371, "height": 92.38417672092095}}