{"building_index": 177, "real_dimensions": {"width": 39.885587307174575, "height": 52.32163791747764}}