{"building_index": 139, "real_dimensions": {"width": 46.90589623674401, "height": 49.31434504175869}}