{"building_index": 68, "real_dimensions": {"width": 99.45409585626176, "height": 100.00079883314979}}