{"building_index": 167, "real_dimensions": {"width": 4.977693817346589, "height": 6.587677574381232}}