{"building_index": 79, "real_dimensions": {"width": 24.77780572890304, "height": 25.695823003170744}}