{"building_index": 53, "real_dimensions": {"width": 21.308777963340592, "height": 29.140292396713047}}