{"building_index": 119, "real_dimensions": {"width": 216.03831435905306, "height": 165.20705423488593}}