{"building_index": 175, "real_dimensions": {"width": 16.918036573412362, "height": 27.99580928298334}}