{"building_index": 156, "real_dimensions": {"width": 41.01749587821657, "height": 47.264131271527816}}