{"building_index": 159, "real_dimensions": {"width": 34.99346844525542, "height": 37.72767838693091}}