{"building_index": 170, "real_dimensions": {"width": 20.001105018949602, "height": 13.833998564444482}}