{"building_index": 77, "real_dimensions": {"width": 19.711799877267328, "height": 22.3816280440179}}