{"building_index": 29, "real_dimensions": {"width": 41.78973066643753, "height": 47.66468061598018}}