{"building_index": 97, "real_dimensions": {"width": 96.60623318045788, "height": 123.08558348562036}}