{"building_index": 86, "real_dimensions": {"width": 32.41762724883893, "height": 31.53265726863096}}