{"building_index": 182, "real_dimensions": {"width": 20.988675267274957, "height": 25.80551303504035}}