{"building_index": 155, "real_dimensions": {"width": 30.60589834790444, "height": 50.97252662914184}}