{"building_index": 137, "real_dimensions": {"width": 21.282481209142137, "height": 25.088983365688474}}