{"building_index": 20, "real_dimensions": {"width": 21.451385067400018, "height": 27.86613198928535}}