{"building_index": 30, "real_dimensions": {"width": 86.46778037597794, "height": 89.12724383869829}}