{"building_index": 78, "real_dimensions": {"width": 36.63418388281289, "height": 42.323772018554926}}