{"building_index": 87, "real_dimensions": {"width": 61.23769283755158, "height": 75.20399289362132}}