{"building_index": 176, "real_dimensions": {"width": 16.206825682970617, "height": 16.116218598634003}}