{"building_index": 58, "real_dimensions": {"width": 19.524227303485386, "height": 25.030574699014956}}