{"building_index": 45, "real_dimensions": {"width": 59.9166917745187, "height": 47.582785385968165}}