{"building_index": 35, "real_dimensions": {"width": 152.52193483517058, "height": 163.77071938392518}}