{"building_index": 39, "real_dimensions": {"width": 62.3538067449282, "height": 63.76644953384995}}