{"building_index": 26, "real_dimensions": {"width": 13.897779099969194, "height": 30.188129525647188}}