{"building_index": 136, "real_dimensions": {"width": 41.633310809773974, "height": 49.954029956827206}}