{"building_index": 124, "real_dimensions": {"width": 34.5363458556449, "height": 40.55729368150855}}