{"building_index": 75, "real_dimensions": {"width": 38.46891786993559, "height": 59.91598136485554}}