{"building_index": 122, "real_dimensions": {"width": 10.218889317624853, "height": 12.962839319917062}}