{"building_index": 56, "real_dimensions": {"width": 39.81577203142418, "height": 38.40346195106705}}