{"building_index": 111, "real_dimensions": {"width": 33.5453503060533, "height": 47.78059971494807}}