{"building_index": 31, "real_dimensions": {"width": 94.62633122456415, "height": 121.19566270183357}}