{"building_index": 168, "real_dimensions": {"width": 7.904016937813722, "height": 12.866984063109216}}