{"building_index": 179, "real_dimensions": {"width": 73.64477901432548, "height": 83.0411890964822}}