{"building_index": 92, "real_dimensions": {"width": 104.7942536155895, "height": 134.5690225393857}}