{"building_index": 51, "real_dimensions": {"width": 38.2138243134541, "height": 47.63924896895885}}