{"building_index": 129, "real_dimensions": {"width": 41.52185835399665, "height": 44.78330854989588}}