{"building_index": 161, "real_dimensions": {"width": 19.64996103284997, "height": 18.745459840477753}}