{"building_index": 121, "real_dimensions": {"width": 43.2099947394386, "height": 46.16271210924855}}