{"building_index": 90, "real_dimensions": {"width": 53.40368848302557, "height": 47.80043411923945}}