{"building_index": 125, "real_dimensions": {"width": 52.845319740916594, "height": 51.251091346144676}}