{"building_index": 183, "real_dimensions": {"width": 13.273692064231726, "height": 14.801757544092833}}