{"building_index": 152, "real_dimensions": {"width": 21.005825594892183, "height": 19.435644029453396}}