{"building_index": 114, "real_dimensions": {"width": 28.412103710130033, "height": 53.128366821172335}}