{"building_index": 81, "real_dimensions": {"width": 66.28027883628965, "height": 69.93717426409323}}