{"building_index": 64, "real_dimensions": {"width": 6.078484422768621, "height": 8.870578907239768}}