{"building_index": 181, "real_dimensions": {"width": 41.58310910844826, "height": 46.60497704736356}}