{"building_index": 180, "real_dimensions": {"width": 53.468621171020395, "height": 51.35567166113853}}