{"building_index": 153, "real_dimensions": {"width": 16.467842767557595, "height": 18.129186851866542}}