{"building_index": 59, "real_dimensions": {"width": 61.428295092227245, "height": 68.33073710469901}}