{"building_index": 107, "real_dimensions": {"width": 56.13858501786483, "height": 52.19309867293574}}