{"building_index": 25, "real_dimensions": {"width": 42.5441119025118, "height": 33.77276289836504}}