{"building_index": 120, "real_dimensions": {"width": 63.40586657440756, "height": 54.896540440535176}}