{"building_index": 42, "real_dimensions": {"width": 75.83044644676148, "height": 131.37654085140053}}