{"building_index": 21, "real_dimensions": {"width": 33.500360340407354, "height": 30.879053732256097}}