{"building_index": 123, "real_dimensions": {"width": 16.736218129545453, "height": 17.010900562316177}}