{"building_index": 76, "real_dimensions": {"width": 30.590764127843432, "height": 38.953063151229706}}