{"building_index": 127, "real_dimensions": {"width": 22.030886825031292, "height": 22.23816595970032}}