{"building_index": 46, "real_dimensions": {"width": 28.166383521925887, "height": 32.50300038230206}}