{"building_index": 80, "real_dimensions": {"width": 67.48150381707082, "height": 97.93682348126337}}