{"building_index": 143, "real_dimensions": {"width": 33.35564346004103, "height": 39.44140956672441}}