{"building_index": 160, "real_dimensions": {"width": 7.256858841534123, "height": 6.540855936720967}}