{"building_index": 70, "real_dimensions": {"width": 44.35079802383242, "height": 51.18254614959781}}