{"building_index": 184, "real_dimensions": {"width": 14.659747165850908, "height": 21.198310616854577}}