{"building_index": 134, "real_dimensions": {"width": 52.464037250912746, "height": 113.04582868880902}}