{"building_index": 63, "real_dimensions": {"width": 52.285107735190536, "height": 49.39861483766387}}