{"building_index": 116, "real_dimensions": {"width": 23.40794775288552, "height": 22.27280317833647}}