{"building_index": 145, "real_dimensions": {"width": 71.22574706064692, "height": 69.95920005267858}}