{"building_index": 131, "real_dimensions": {"width": 25.155222640439167, "height": 38.333110689801934}}