{"building_index": 165, "real_dimensions": {"width": 11.110562746748133, "height": 13.86332096900377}}