{"building_index": 22, "real_dimensions": {"width": 24.024879624681976, "height": 24.778892847603807}}