{"building_index": 71, "real_dimensions": {"width": 27.24148090874291, "height": 30.350260108631723}}