{"building_index": 40, "real_dimensions": {"width": 75.96290849004174, "height": 64.8640124657154}}