{"building_index": 82, "real_dimensions": {"width": 30.987115911797154, "height": 33.691205798089506}}