{"building_index": 48, "real_dimensions": {"width": 13.047346412252324, "height": 14.211742330600197}}