{"building_index": 140, "real_dimensions": {"width": 51.415256341481, "height": 39.747486085817215}}