{"building_index": 117, "real_dimensions": {"width": 48.822186823371645, "height": 63.235463965851814}}