{"building_index": 49, "real_dimensions": {"width": 43.13605578016626, "height": 45.75517412041314}}