{"building_index": 88, "real_dimensions": {"width": 15.852598649743596, "height": 18.145327654788268}}