{"building_index": 74, "real_dimensions": {"width": 23.0442671565176, "height": 21.933045404434203}}