{"building_index": 103, "real_dimensions": {"width": 80.96907859335188, "height": 84.4843419101648}}