{"building_index": 94, "real_dimensions": {"width": 19.24375193787273, "height": 24.6243613332031}}