{"building_index": 144, "real_dimensions": {"width": 37.47567002402735, "height": 58.84742477862334}}