{"building_index": 147, "real_dimensions": {"width": 97.53184562370414, "height": 77.66607935432344}}