{"building_index": 112, "real_dimensions": {"width": 45.522296900146564, "height": 41.25701563523151}}