{"building_index": 89, "real_dimensions": {"width": 15.402941627736823, "height": 15.157869731441139}}