{"building_index": 150, "real_dimensions": {"width": 46.408857386208005, "height": 92.10157109540266}}