{"building_index": 66, "real_dimensions": {"width": 29.692435021293928, "height": 34.489010170412556}}