{"building_index": 146, "real_dimensions": {"width": 55.352440939042715, "height": 63.77308568973094}}