{"building_index": 178, "real_dimensions": {"width": 63.53714373752552, "height": 59.55439718621969}}