{"building_index": 128, "real_dimensions": {"width": 34.96542393667042, "height": 44.08828220866621}}