{"building_index": 186, "real_dimensions": {"width": 23.157908053509892, "height": 21.798091920129956}}