{"building_index": 172, "real_dimensions": {"width": 7.337999798753298, "height": 9.935344699751585}}