{"building_index": 57, "real_dimensions": {"width": 17.800875298665293, "height": 18.693420305534133}}