{"building_index": 19, "real_dimensions": {"width": 24.780164118113653, "height": 35.28047258014791}}