{"building_index": 106, "real_dimensions": {"width": 30.27854793191344, "height": 46.114417719710616}}