{"building_index": 43, "real_dimensions": {"width": 74.09561887442445, "height": 103.60388311435779}}