{"building_index": 62, "real_dimensions": {"width": 23.727675770146305, "height": 24.351987475901844}}