{"building_index": 154, "real_dimensions": {"width": 33.43712934626964, "height": 34.73667125655338}}