{"building_index": 113, "real_dimensions": {"width": 35.99207807126281, "height": 47.30074100788683}}