{"building_index": 95, "real_dimensions": {"width": 60.694561141574525, "height": 60.41057450895508}}