{"building_index": 135, "real_dimensions": {"width": 48.48441263816397, "height": 43.45244888676703}}