{"building_index": 33, "real_dimensions": {"width": 21.070522568098436, "height": 30.77248407183215}}