{"building_index": 148, "real_dimensions": {"width": 87.58345862917021, "height": 145.93462611533704}}