{"building_index": 108, "real_dimensions": {"width": 86.35800110334065, "height": 68.64792041523383}}