{"building_index": 171, "real_dimensions": {"width": 12.45511169629482, "height": 22.1088652330668}}