{"building_index": 27, "real_dimensions": {"width": 28.514262032518165, "height": 30.02879591305119}}