{"building_index": 158, "real_dimensions": {"width": 34.72764542817313, "height": 34.54179031306877}}