{"building_index": 102, "real_dimensions": {"width": 19.659381701827517, "height": 25.06921194058976}}