{"building_index": 138, "real_dimensions": {"width": 54.16030650677858, "height": 78.04286402873694}}