{"building_index": 69, "real_dimensions": {"width": 67.86638186553027, "height": 84.3534459123512}}