{"building_index": 24, "real_dimensions": {"width": 46.49505797406387, "height": 69.09729078466073}}