{"building_index": 163, "real_dimensions": {"width": 5.55868375472026, "height": 8.051668555620644}}