{"building_index": 115, "real_dimensions": {"width": 25.53514375379024, "height": 41.98279474703905}}