{"building_index": 142, "real_dimensions": {"width": 84.97128187952622, "height": 128.06561822615564}}