{"building_index": 109, "real_dimensions": {"width": 17.600597259265488, "height": 20.186412164002125}}