{"building_index": 67, "real_dimensions": {"width": 41.21565243924153, "height": 58.08096527825109}}