{"building_index": 101, "real_dimensions": {"width": 34.338327358779495, "height": 46.67254907575436}}