{"building_index": 130, "real_dimensions": {"width": 24.083906491519674, "height": 37.939522206143785}}