{"building_index": 132, "real_dimensions": {"width": 28.319477637705084, "height": 39.025808223113415}}