{"building_index": 34, "real_dimensions": {"width": 24.43363863776593, "height": 28.26584258098776}}