{"building_index": 164, "real_dimensions": {"width": 3.909914962244608, "height": 4.36491461019963}}