{"building_index": 174, "real_dimensions": {"width": 16.223228756377164, "height": 19.63954439084977}}