{"building_index": 126, "real_dimensions": {"width": 36.95790707020788, "height": 41.75154606509954}}