{"building_index": 32, "real_dimensions": {"width": 16.072592153181322, "height": 10.655472243732463}}