{"building_index": 141, "real_dimensions": {"width": 31.0795602888839, "height": 56.128128197230396}}