{"building_index": 60, "real_dimensions": {"width": 21.79745143489757, "height": 25.959908685404805}}