{"building_index": 85, "real_dimensions": {"width": 123.26265615589995, "height": 127.9908585575968}}