{"building_index": 72, "real_dimensions": {"width": 30.25254179200565, "height": 33.16687458747625}}