{"building_index": 151, "real_dimensions": {"width": 15.083811840946435, "height": 17.875619114488362}}