{"building_index": 73, "real_dimensions": {"width": 33.65480191358074, "height": 33.946932233169676}}