{"building_index": 52, "real_dimensions": {"width": 15.570418819386203, "height": 18.163761245794596}}