{"building_index": 41, "real_dimensions": {"width": 202.90312456994897, "height": 233.74411313706477}}