{"building_index": 36, "real_dimensions": {"width": 141.44448989064898, "height": 158.53231759417056}}