{"building_index": 84, "real_dimensions": {"width": 180.40734388513607, "height": 199.49747547951338}}