{"building_index": 19, "real_dimensions": {"width": 30.780164118113653, "height": 41.28047258014791}}