{"building_index": 44, "real_dimensions": {"width": 37.839359266002624, "height": 36.92822062906188}}