{"building_index": 78, "real_dimensions": {"width": 42.63418388281289, "height": 48.323772018554926}}