{"building_index": 143, "real_dimensions": {"width": 39.35564346004103, "height": 45.44140956672441}}