{"building_index": 130, "real_dimensions": {"width": 30.083906491519674, "height": 43.939522206143785}}