{"building_index": 128, "real_dimensions": {"width": 40.96542393667042, "height": 50.08828220866621}}