{"building_index": 82, "real_dimensions": {"width": 36.987115911797154, "height": 39.691205798089506}}