{"building_index": 112, "real_dimensions": {"width": 51.522296900146564, "height": 47.25701563523151}}