{"building_index": 45, "real_dimensions": {"width": 65.91669177451871, "height": 53.582785385968165}}