{"building_index": 180, "real_dimensions": {"width": 59.468621171020395, "height": 57.35567166113853}}