{"building_index": 141, "real_dimensions": {"width": 37.0795602888839, "height": 62.128128197230396}}