{"building_index": 158, "real_dimensions": {"width": 40.72764542817313, "height": 40.54179031306877}}