{"building_index": 79, "real_dimensions": {"width": 30.77780572890304, "height": 31.695823003170744}}