{"building_index": 75, "real_dimensions": {"width": 44.46891786993559, "height": 65.91598136485554}}