{"building_index": 121, "real_dimensions": {"width": 49.2099947394386, "height": 52.16271210924855}}