{"building_index": 125, "real_dimensions": {"width": 58.845319740916594, "height": 57.251091346144676}}