{"building_index": 107, "real_dimensions": {"width": 62.13858501786483, "height": 58.19309867293574}}