{"building_index": 33, "real_dimensions": {"width": 27.070522568098436, "height": 36.77248407183215}}