{"building_index": 53, "real_dimensions": {"width": 27.308777963340592, "height": 35.14029239671305}}