{"building_index": 27, "real_dimensions": {"width": 34.51426203251816, "height": 36.02879591305119}}