{"building_index": 182, "real_dimensions": {"width": 26.988675267274957, "height": 31.80551303504035}}