{"building_index": 115, "real_dimensions": {"width": 31.53514375379024, "height": 47.98279474703905}}