{"building_index": 61, "real_dimensions": {"width": 49.116793055894476, "height": 51.24718465863168}}