{"building_index": 86, "real_dimensions": {"width": 38.41762724883893, "height": 37.532657268630956}}