{"building_index": 132, "real_dimensions": {"width": 34.319477637705084, "height": 45.025808223113415}}