{"building_index": 110, "real_dimensions": {"width": 45.574910212503745, "height": 46.224341311398895}}