{"building_index": 73, "real_dimensions": {"width": 39.65480191358074, "height": 39.946932233169676}}