{"building_index": 20, "real_dimensions": {"width": 27.451385067400018, "height": 33.86613198928535}}