{"building_index": 96, "real_dimensions": {"width": 28.94835499576681, "height": 29.810614944286645}}