{"building_index": 129, "real_dimensions": {"width": 47.52185835399665, "height": 50.78330854989588}}