{"building_index": 34, "real_dimensions": {"width": 30.43363863776593, "height": 34.26584258098776}}