{"building_index": 106, "real_dimensions": {"width": 36.27854793191344, "height": 52.114417719710616}}