{"building_index": 50, "real_dimensions": {"width": 38.45914126046933, "height": 35.943953160971404}}