{"building_index": 72, "real_dimensions": {"width": 36.25254179200565, "height": 39.16687458747625}}