{"building_index": 154, "real_dimensions": {"width": 39.43712934626964, "height": 40.73667125655338}}