{"building_index": 46, "real_dimensions": {"width": 34.16638352192589, "height": 38.50300038230206}}