{"building_index": 157, "real_dimensions": {"width": 39.19953952061537, "height": 53.70764623367124}}