{"building_index": 105, "real_dimensions": {"width": 53.16084252102591, "height": 38.24065291353812}}