{"building_index": 155, "real_dimensions": {"width": 36.60589834790444, "height": 56.97252662914184}}