{
  "claude-3-7-sonnet-20250219": [
    {
      "final_reward": 1.9619000246748328,
      "max_reward": 1.979400025215,
      "rewards": [
        -0.0020000000949949026,
        -0.0035000001080334187,
        -0.005000000121071935,
        -0.006500000134110451,
        -0.007500000181607902,
        -0.008700000238604844,
        -0.009900000295601785,
        0.9891000125790015,
        0.987600012565963,
        0.9856000124709681,
        0.9841000124579296,
        0.982600012444891,
        0.9816000123973936,
        0.9804000123403966,
        1.979400025215,
        1.977400025120005,
        1.9759000251069665,
        1.9739000250119716,
        1.972400024998933,
        1.9704000249039382,
        1.9684000248089433,
        1.9664000247139484,
        1.9649000247009099,
        1.9634000246878713,
        1.9619000246748328
      ],
      "timestamp": "2025-04-08_15-23-45"
    }
  ],
  "gpt-4o": [
    {
      "final_reward": -0.09770000213757157,
      "max_reward": -0.0020000000949949026,
      "rewards": [
        -0.0020000000949949026,
        -0.0035000001080334187,
        -0.005000000121071935,
        -0.006500000134110451,
        -0.008500000229105353,
        -0.009700000286102295,
        -0.011200000299140811,
        -0.013200000394135714,
        -0.01470000040717423,
        -0.016200000420212746,
        -0.02020000061020255,
        -0.021700000623241067,
        -0.025700000813230872,
        -0.027200000826269388,
        -0.02840000088326633,
        -0.029900000896304846,
        -0.03140000090934336,
        -0.03540000109933317,
        -0.03940000128932297,
        -0.04340000147931278,
        -0.044900001492351294,
        -0.046900001587346196,
        -0.04840000160038471,
        -0.049600001657381654,
        -0.050800001714378595,
        -0.0548000019043684,
        -0.05630000191740692,
        -0.05780000193044543,
        -0.05930000194348395,
        -0.060800001956522465,
        -0.06230000196956098,
        -0.06350000202655792,
        -0.06600000197067857,
        -0.06850000191479921,
        -0.07100000185891986,
        -0.0735000018030405,
        -0.07600000174716115,
        -0.07750000176019967,
        -0.07900000177323818,
        -0.08020000183023512,
        -0.08170000184327364,
        -0.08570000203326344,
        -0.08720000204630196,
        -0.08870000205934048,
        -0.09020000207237899,
        -0.09170000208541751,
        -0.09320000209845603,
        -0.09470000211149454,
        -0.09620000212453306,
        -0.09770000213757157
      ],
      "timestamp": "2025-04-08_16-10-26"
    },
    {
      "final_reward": -0.11380000389181077,
      "max_reward": -0.001500000013038516,
      "rewards": [
        -0.001500000013038516,
        -0.0035000001080334187,
        -0.005500000203028321,
        -0.007000000216066837,
        -0.00900000031106174,
        -0.010200000368058681,
        -0.011400000425055623,
        -0.012900000438094139,
        -0.014900000533089042,
        -0.016900000628083944,
        -0.01840000064112246,
        -0.019900000654160976,
        -0.021400000667199492,
        -0.022600000724196434,
        -0.02660000091418624,
        -0.030600001104176044,
        -0.03260000119917095,
        -0.03410000121220946,
        -0.03560000122524798,
        -0.03760000132024288,
        -0.0391000013332814,
        -0.040600001346319914,
        -0.04210000135935843,
        -0.046100001549348235,
        -0.05010000173933804,
        -0.054100001929327846,
        -0.05810000211931765,
        -0.062100002309307456,
        -0.06610000249929726,
        -0.07010000268928707,
        -0.07160000270232558,
        -0.0731000027153641,
        -0.0771000029053539,
        -0.08110000309534371,
        -0.08260000310838223,
        -0.08410000312142074,
        -0.08810000331141055,
        -0.08930000336840749,
        -0.090800003381446,
        -0.09480000357143581,
        -0.09630000358447433,
        -0.09780000359751284,
        -0.10080000362358987,
        -0.10230000363662839,
        -0.1038000036496669,
        -0.10530000366270542,
        -0.10680000367574394,
        -0.11080000386573374,
        -0.11230000387877226,
        -0.11380000389181077
      ],
      "timestamp": "2025-04-08_15-16-09"
    }
  ],
  "gemini-2.5-pro-preview-03-25": [
    {
      "final_reward": 2.933500036248006,
      "max_reward": 2.9769000379601493,
      "rewards": [
        -0.0020000000949949026,
        -0.0035000001080334187,
        -0.00450000015553087,
        -0.0057000002125278115,
        0.9933000126620755,
        0.9913000125670806,
        0.989800012554042,
        0.9878000124590471,
        0.9863000124460086,
        0.9848000124329701,
        0.9838000123854727,
        0.9826000123284757,
        1.981600025203079,
        1.9801000251900405,
        1.979100025142543,
        1.977900025085546,
        2.9769000379601493,
        2.9749000378651544,
        2.973400037852116,
        2.971400037757121,
        2.9699000377440825,
        2.9679000376490876,
        2.966400037636049,
        2.964400037541054,
        2.9629000375280157,
        2.9609000374330208,
        2.9594000374199823,
        2.9579000374069437,
        2.955900037311949,
        2.9549000372644514,
        2.9537000372074544,
        2.952700037159957,
        2.9517000371124595,
        2.9505000370554626,
        2.949500037007965,
        2.9485000369604677,
        2.9473000369034708,
        2.9463000368559733,
        2.945300036808476,
        2.944100036751479,
        2.9431000367039815,
        2.942100036656484,
        2.940900036599487,
        2.9399000365519896,
        2.938900036504492,
        2.9377000364474952,
        2.9367000363999978,
        2.9357000363525003,
        2.9345000362955034,
        2.933500036248006
      ],
      "timestamp": "2025-04-08_14-59-09"
    }
  ]
}