{
  "gemini-2.5-pro-exp-03-25": [
    {
      "final_reward": -0.12399999727495015,
      "max_reward": -0.001500000013038516,
      "rewards": [
        -0.001500000013038516,
        -0.003999999957159162,
        -0.006499999901279807,
        -0.008999999845400453,
        -0.011499999789521098,
        -0.013999999733641744,
        -0.01649999967776239,
        -0.018999999621883035,
        -0.02149999956600368,
        -0.023999999510124326,
        -0.02649999945424497,
        -0.028999999398365617,
        -0.03149999934248626,
        -0.03399999928660691,
        -0.03649999923072755,
        -0.0389999991748482,
        -0.041499999118968844,
        -0.04399999906308949,
        -0.046499999007210135,
        -0.04899999895133078,
        -0.051499998895451427,
        -0.05399999883957207,
        -0.05649999878369272,
        -0.05899999872781336,
        -0.06149999867193401,
        -0.06399999861605465,
        -0.0664999985601753,
        -0.06899999850429595,
        -0.07149999844841659,
        -0.07399999839253724,
        -0.07649999833665788,
        -0.07899999828077853,
        -0.08149999822489917,
        -0.08399999816901982,
        -0.08649999811314046,
        -0.08899999805726111,
        -0.09149999800138175,
        -0.0939999979455024,
        -0.09649999788962305,
        -0.09899999783374369,
        -0.10149999777786434,
        -0.10399999772198498,
        -0.10649999766610563,
        -0.10899999761022627,
        -0.11149999755434692,
        -0.11399999749846756,
        -0.11649999744258821,
        -0.11899999738670886,
        -0.1214999973308295,
        -0.12399999727495015
      ],
      "timestamp": "2025-04-03_13-30-51"
    }
  ],
  "gpt-4o": [
    {
      "final_reward": -0.08190000127069652,
      "max_reward": -0.001500000013038516,
      "rewards": [
        -0.001500000013038516,
        -0.003000000026077032,
        -0.005000000121071935,
        -0.006200000178068876,
        -0.008200000273063779,
        -0.00940000033006072,
        -0.010600000387057662,
        -0.012100000400096178,
        -0.014600000344216824,
        -0.015800000401213765,
        -0.01830000034533441,
        -0.019800000358372927,
        -0.021300000371411443,
        -0.02280000038444996,
        -0.024300000397488475,
        -0.02580000041052699,
        -0.027800000505521894,
        -0.02930000051856041,
        -0.030800000531598926,
        -0.03230000054463744,
        -0.03350000060163438,
        -0.0350000006146729,
        -0.036500000627711415,
        -0.03800000064074993,
        -0.03950000065378845,
        -0.04100000066682696,
        -0.04250000067986548,
        -0.044000000692903996,
        -0.04520000074990094,
        -0.04720000084489584,
        -0.048700000857934356,
        -0.051200000802055,
        -0.05270000081509352,
        -0.05470000091008842,
        -0.056200000923126936,
        -0.05820000101812184,
        -0.059700001031160355,
        -0.06120000104419887,
        -0.06320000113919377,
        -0.06440000119619071,
        -0.06590000120922923,
        -0.06740000122226775,
        -0.06940000131726265,
        -0.07090000133030117,
        -0.07240000134333968,
        -0.0739000013563782,
        -0.07640000130049884,
        -0.07790000131353736,
        -0.07940000132657588,
        -0.08190000127069652
      ],
      "timestamp": "2025-04-03_16-08-23"
    },
    {
      "final_reward": -0.08980000182054937,
      "max_reward": -0.0020000000949949026,
      "rewards": [
        -0.0020000000949949026,
        -0.0035000001080334187,
        -0.005000000121071935,
        -0.006500000134110451,
        -0.008500000229105353,
        -0.010500000324100256,
        -0.012000000337138772,
        -0.013500000350177288,
        -0.01550000044517219,
        -0.017000000458210707,
        -0.01900000055320561,
        -0.020500000566244125,
        -0.02200000057928264,
        -0.024000000674277544,
        -0.026000000769272447,
        -0.02800000086426735,
        -0.02920000092126429,
        -0.030400000978261232,
        -0.032400001073256135,
        -0.03440000116825104,
        -0.03640000126324594,
        -0.037900001276284456,
        -0.0391000013332814,
        -0.040600001346319914,
        -0.04210000135935843,
        -0.043600001372396946,
        -0.04560000146739185,
        -0.047100001480430365,
        -0.04860000149346888,
        -0.0501000015065074,
        -0.05160000151954591,
        -0.053600001614540815,
        -0.05510000162757933,
        -0.05660000164061785,
        -0.058100001653656363,
        -0.059300001710653305,
        -0.06130000180564821,
        -0.06330000190064311,
        -0.06580000184476376,
        -0.06780000193975866,
        -0.06980000203475356,
        -0.07180000212974846,
        -0.07330000214278698,
        -0.0748000021558255,
        -0.07730000209994614,
        -0.07980000204406679,
        -0.08230000198818743,
        -0.08480000193230808,
        -0.08730000187642872,
        -0.08980000182054937
      ],
      "timestamp": "2025-04-03_15-09-33"
    },
    {
      "final_reward": -0.09010000084526837,
      "max_reward": -0.001500000013038516,
      "rewards": [
        -0.001500000013038516,
        -0.003999999957159162,
        -0.005499999970197678,
        -0.006999999983236194,
        -0.00849999999627471,
        -0.010000000009313226,
        -0.011500000022351742,
        -0.013000000035390258,
        -0.015499999979510903,
        -0.01799999992363155,
        -0.020499999867752194,
        -0.02299999981187284,
        -0.025499999755993485,
        -0.02799999970011413,
        -0.029499999713152647,
        -0.030999999726191163,
        -0.03349999967031181,
        -0.03469999972730875,
        -0.037199999671429396,
        -0.03839999972842634,
        -0.03989999974146485,
        -0.04139999975450337,
        -0.04339999984949827,
        -0.044599999906495214,
        -0.046600000001490116,
        -0.04810000001452863,
        -0.04960000002756715,
        -0.05160000012256205,
        -0.05360000021755695,
        -0.055600000312551856,
        -0.05760000040754676,
        -0.059100000420585275,
        -0.06060000043362379,
        -0.06210000044666231,
        -0.06360000045970082,
        -0.06610000040382147,
        -0.06810000049881637,
        -0.07010000059381127,
        -0.07160000060684979,
        -0.0731000006198883,
        -0.07510000071488321,
        -0.07660000072792172,
        -0.07810000074096024,
        -0.07960000075399876,
        -0.08110000076703727,
        -0.08260000078007579,
        -0.0841000007931143,
        -0.08660000073723495,
        -0.08860000083222985,
        -0.09010000084526837
      ],
      "timestamp": "2025-04-03_16-45-17"
    },
    {
      "final_reward": -0.07710000243969262,
      "max_reward": -0.001500000013038516,