{
  "model1": {
    "final_reward": -0.22660000633914024,
    "max_reward": -0.001500000013038516
  }
}