{
  "gemini-2.5-pro-exp-03-25": [
    {
      "final_reward": -0.12399999727495015,
      "max_reward": -0.001500000013038516,
      "rewards": [
        -0.001500000013038516,
        -0.003999999957159162,
        -0.006499999901279807,
        -0.008999999845400453,
        -0.011499999789521098,
        -0.013999999733641744,
        -0.01649999967776239,
        -0.018999999621883035,
        -0.02149999956600368,
        -0.023999999510124326,
        -0.02649999945424497,
        -0.028999999398365617,
        -0.03149999934248626,
        -0.03399999928660691,
        -0.03649999923072755,
        -0.0389999991748482,
        -0.041499999118968844,
        -0.04399999906308949,
        -0.046499999007210135,
        -0.04899999895133078,
        -0.051499998895451427,
        -0.05399999883957207,
        -0.05649999878369272,
        -0.05899999872781336,
        -0.06149999867193401,
        -0.06399999861605465,
        -0.0664999985601753,
        -0.06899999850429595,
        -0.07149999844841659,
        -0.07399999839253724,
        -0.07649999833665788,
        -0.07899999828077853,
        -0.08149999822489917,
        -0.08399999816901982,
        -0.08649999811314046,
        -0.08899999805726111,
        -0.09149999800138175,
        -0.0939999979455024,
        -0.09649999788962305,
        -0.09899999783374369,
        -0.10149999777786434,
        -0.10399999772198498,
        -0.10649999766610563,
        -0.10899999761022627,
        -0.11149999755434692,
        -0.11399999749846756,
        -0.11649999744258821,
        -0.11899999738670886,
        -0.1214999973308295,
        -0.12399999727495015
      ],
      "timestamp": "2025-04-03_13-30-51"
    }
  ],
  "gpt-4o": [
    {
      "final_reward": -0.07710000243969262,
      "max_reward": -0.001500000013038516,
      "rewards": [
        -0.001500000013038516,
        -0.003999999957159162,
        -0.006499999901279807,
        -0.00849999999627471,
        -0.009700000053271651,
        -0.011200000066310167,
        -0.01320000016130507,
        -0.015700000105425715,
        -0.016900000162422657,
        -0.01890000025741756,
        -0.0201000003144145,
        -0.022100000409409404,
        -0.024100000504404306,
        -0.02610000059939921,
        -0.02810000069439411,
        -0.030100000789389014,
        -0.03160000080242753,
        -0.03360000089742243,
        -0.035600000992417336,
        -0.03710000100545585,
        -0.039100001100450754,
        -0.04060000111348927,
        -0.042100001126527786,
        -0.0436000011395663,
        -0.04510000115260482,
        -0.04630000120960176,
        -0.0475000012665987,
        -0.04870000132359564,
        -0.049900001380592585,
        -0.051100001437589526,
        -0.05230000149458647,
        -0.05350000155158341,
        -0.05470000160858035,
        -0.05620000162161887,
        -0.05740000167861581,
        -0.05860000173561275,
        -0.05980000179260969,
        -0.06100000184960663,
        -0.062200001906603575,
        -0.06340000196360052,
        -0.06460000202059746,
        -0.0658000020775944,
        -0.06700000213459134,
        -0.06820000219158828,
        -0.06940000224858522,
        -0.07060000230558217,
        -0.07260000240057707,
        -0.07410000241361558,
        -0.0756000024266541,
        -0.07710000243969262
      ],
      "timestamp": "2025-04-03_14-40-43"
    }
  ]
}