{
  "gemini-2.5-pro-exp-03-25": [
    {
      "final_reward": -0.06340000254567713,
      "max_reward": -0.0020000000949949026,
      "rewards": [
        -0.0020000000949949026,
        -0.0035000001080334187,
        -0.005000000121071935,
        -0.006500000134110451,
        -0.008500000229105353,
        -0.01000000024214387,
        -0.011500000255182385,
        -0.013500000350177288,
        -0.015000000363215804,
        -0.01650000037625432,
        -0.018000000389292836,
        -0.02200000057928264,
        -0.023200000636279583,
        -0.024400000693276525,
        -0.02840000088326633,
        -0.02940000093076378,
        -0.030400000978261232,
        -0.031400001025758684,
        -0.032400001073256135,
        -0.033400001120753586,
        -0.03440000116825104,
        -0.03540000121574849,
        -0.03640000126324594,
        -0.03740000131074339,
        -0.03840000135824084,
        -0.039400001405738294,
        -0.040400001453235745,
        -0.0414000015007332,
        -0.04240000154823065,
        -0.0434000015957281,
        -0.04440000164322555,
        -0.045400001690723,
        -0.04640000173822045,
        -0.047400001785717905,
        -0.048400001833215356,
        -0.04940000188071281,
        -0.05040000192821026,
        -0.05140000197570771,
        -0.05240000202320516,
        -0.05340000207070261,
        -0.054400002118200064,
        -0.055400002165697515,
        -0.056400002213194966,
        -0.05740000226069242,
        -0.05840000230818987,
        -0.05940000235568732,
        -0.06040000240318477,
        -0.06140000245068222,
        -0.062400002498179674,
        -0.06340000254567713
      ],
      "timestamp": "2025-04-03_17-38-20"
    },
    {
      "final_reward": -0.12399999727495015,
      "max_reward": -0.001500000013038516,
      "rewards": [
        -0.001500000013038516,
        -0.003999999957159162,
        -0.006499999901279807,
        -0.008999999845400453,
        -0.011499999789521098,
        -0.013999999733641744,
        -0.01649999967776239,
        -0.018999999621883035,
        -0.02149999956600368,
        -0.023999999510124326,
        -0.02649999945424497,
        -0.028999999398365617,
        -0.03149999934248626,
        -0.03399999928660691,
        -0.03649999923072755,
        -0.0389999991748482,
        -0.041499999118968844,
        -0.04399999906308949,
        -0.046499999007210135,
        -0.04899999895133078,
        -0.051499998895451427,
        -0.05399999883957207,
        -0.05649999878369272,
        -0.05899999872781336,
        -0.06149999867193401,
        -0.06399999861605465,
        -0.0664999985601753,
        -0.06899999850429595,
        -0.07149999844841659,
        -0.07399999839253724,
        -0.07649999833665788,
        -0.07899999828077853,
        -0.08149999822489917,
        -0.08399999816901982,
        -0.08649999811314046,
        -0.08899999805726111,
        -0.09149999800138175,
        -0.0939999979455024,
        -0.09649999788962305,
        -0.09899999783374369,
        -0.10149999777786434,
        -0.10399999772198498,
        -0.10649999766610563,
        -0.10899999761022627,
        -0.11149999755434692,
        -0.11399999749846756,
        -0.11649999744258821,
        -0.11899999738670886,
        -0.1214999973308295,
        -0.12399999727495015
      ],
      "timestamp": "2025-04-03_13-30-51"
    }
  ],
  "gpt-4o": [
    {
      "final_reward": -0.08190000127069652,
      "max_reward": -0.001500000013038516,
      "rewards": [
        -0.001500000013038516,
        -0.003000000026077032,
        -0.005000000121071935,
        -0.006200000178068876,
        -0.008200000273063779,
        -0.00940000033006072,
        -0.010600000387057662,
        -0.012100000400096178,
        -0.014600000344216824,
        -0.015800000401213765,
        -0.01830000034533441,
        -0.019800000358372927,
        -0.021300000371411443,
        -0.02280000038444996,
        -0.024300000397488475,
        -0.02580000041052699,
        -0.027800000505521894,
        -0.02930000051856041,
        -0.030800000531598926,
        -0.03230000054463744,
        -0.03350000060163438,
        -0.0350000006146729,
        -0.036500000627711415,
        -0.03800000064074993,
        -0.03950000065378845,
        -0.04100000066682696,
        -0.04250000067986548,
        -0.044000000692903996,
        -0.04520000074990094,
        -0.04720000084489584,
        -0.048700000857934356,
        -0.051200000802055,
        -0.05270000081509352,
        -0.05470000091008842,
        -0.056200000923126936,
        -0.05820000101812184,
        -0.059700001031160355,
        -0.06120000104419887,
        -0.06320000113919377,
        -0.06440000119619071,
        -0.06590000120922923,
        -0.06740000122226775,
        -0.06940000131726265,
        -0.07090000133030117,
        -0.07240000134333968,
        -0.0739000013563782,
        -0.07640000130049884,
        -0.07790000131353736,
        -0.07940000132657588,
        -0.08190000127069652
      ],
      "timestamp": "2025-04-03_16-08-23"
    },
    {
      "final_reward": -0.09110000194050372,
      "max_reward": -0.0020000000949949026,
      "rewards": [
        -0.0020000000949949026,
        -0.0035000001080334187,
        -0.005000000121071935,
        -0.006500000134110451,
        -0.008000000147148967,
        -0.01000000024214387,
        -0.011500000255182385,
        -0.013000000268220901,
        -0.014500000281259418,
        -0.016000000294297934,
        -0.01750000030733645,
        -0.019000000320374966,
        -0.02050000033341348,
        -0.022000000346451998,
        -0.023500000359490514,
        -0.02500000037252903,
        -0.027000000467523932,
        -0.02850000048056245,
        -0.030000000493600965,
        -0.031200000550597906,
        -0.03520000074058771,
        -0.03920000093057752,
        -0.04040000098757446,
        -0.042900000931695104,
        -0.044100000988692045,
        -0.04810000117868185,
        -0.050600001122802496,
        -0.05310000106692314,
        -0.05710000125691295,
        -0.05830000131390989,
        -0.062300001503899693,
        -0.06350000156089664,
        -0.06600000150501728,
        -0.06720000156201422,
        -0.06920000165700912,
        -0.07070000167004764,
        -0.07220000168308616,
        -0.07370000169612467,
        -0.07520000170916319,
        -0.0767000017222017,
        -0.07790000177919865,
        -0.07910000183619559,
        -0.0806000018492341,
        -0.08210000186227262,
        -0.08360000187531114,
        -0.08510000188834965,
        -0.08660000190138817,
        -0.08810000191442668,
        -0.0896000019274652,
        -0.09110000194050372
      ],
      "timestamp": "2025-04-03_17-25-10"
    },
    {
      "final_reward": -0.08980000182054937,
      "max_reward": -0.0020000000949949026,